sample_id,ad_type,gender,age,education,occupation,marital_status,monthly_income,region,BFI_11,BFI_12,BFI_13,BFI_21,BFI_22,BFI_23,BFI_31,BFI_32,BFI_33,BFI_41,BFI_42,BFI_43,BFI_51,BFI_52,BFI_53,ad_att_1,ad_att_2,ad_att_3,ad_att_4,intent_1,intent_2,intent_3
1,promotion,Female,<20,High school,Student,Single,"<15,000,000 VND",Chinese,5,3,5,4,1,4,3,2,3,1,5,4,2,1,2,3,4,4,5,1,2,3
2,promotion,Male,50–59,Bachelor’s degree,Civil servant,Single,"36,000,000–45,000,000 VND",Chinese,4,2,2,1,3,1,4,3,1,1,1,3,5,3,3,3,4,2,5,1,2,3
3,promotion,Male,20–29,Bachelor’s degree,Civil servant,Married,"<15,000,000 VND",Chinese,4,4,5,3,3,4,5,4,5,3,4,5,3,1,5,5,6,5,4,3,2,4
4,promotion,Female,40–49,High school,Civil servant,Single,"36,000,000–45,000,000 VND",Chinese,4,1,3,2,5,2,1,5,3,3,2,2,1,5,1,4,5,3,2,1,2,3
5,promotion,Male,40–49,High school,Civil servant,Married,">46,000,000 VND",Chinese,4,1,2,4,5,1,1,4,2,5,5,2,1,4,1,4,5,3,2,1,2,3
6,promotion,Female,20–29,Postgraduate degree,Student,Single,"<15,000,000 VND",Chinese,3,2,1,3,3,3,4,5,5,4,5,3,5,3,2,4,3,3,2,1,2,3
7,promotion,Female,20–29,Postgraduate degree,Office worker,Living with parents,">46,000,000 VND",Chinese,1,3,4,5,5,2,1,5,2,2,4,5,3,5,2,3,4,5,6,2,3,5
8,promotion,Male,20–29,High school,Civil servant,Married,"26,000,000–35,000,000 VND",Chinese,5,1,5,1,1,5,1,1,2,4,4,5,3,2,2,3,4,2,5,1,2,3
9,promotion,Male,50–59,Bachelor’s degree,Other,Living with parents,">46,000,000 VND",Chinese,2,4,2,1,3,1,2,3,2,1,2,1,1,3,1,3,4,3,5,2,1,3
10,promotion,Male,20–29,Postgraduate degree,Other,Divorced,">46,000,000 VND",Chinese,3,4,2,3,3,5,4,1,1,1,5,2,4,3,5,4,5,6,3,2,1,3
11,promotion,Female,<20,Postgraduate degree,Blue-collar worker,Single,"36,000,000–45,000,000 VND",Chinese,2,4,2,5,3,2,4,2,5,5,2,2,3,5,5,3,4,4,5,1,2,3
12,promotion,Female,40–49,Bachelor’s degree,Civil servant,Divorced,">46,000,000 VND",Chinese,4,2,5,1,3,1,5,5,1,1,1,1,5,4,4,4,5,6,3,2,1,3
13,promotion,Male,20–29,Bachelor’s degree,Office worker,Living with parents,"26,000,000–35,000,000 VND",Chinese,4,4,3,1,3,3,1,5,1,1,1,3,2,3,1,3,4,4,5,2,3,4
14,promotion,Male,>60,Bachelor’s degree,Managerial employee,Divorced,">46,000,000 VND",Chinese,2,3,2,2,4,1,3,3,5,5,2,4,2,3,3,3,4,4,2,,,
15,promotion,Male,50–59,High school,Student,Single,"36,000,000–45,000,000 VND",Chinese,2,5,3,2,1,2,1,4,4,1,3,1,5,5,1,3,4,2,5,1,2,4
16,promotion,Female,30–39,High school,Student,Married,"<15,000,000 VND",Chinese,5,2,1,3,4,5,3,5,1,4,4,4,3,5,1,3,4,3,5,2,3,4
17,promotion,Female,20–29,Postgraduate degree,Student,Single,"26,000,000–35,000,000 VND",Chinese,3,5,4,2,3,1,4,5,1,2,1,2,4,2,4,5,6,4,3,2,1,3
18,promotion,Male,50–59,Postgraduate degree,Student,Living with parents,"16,000,000–25,000,000 VND",Chinese,3,3,5,1,3,4,5,2,5,3,3,2,5,4,1,3,4,4,5,1,2,3
19,promotion,Female,>60,Postgraduate degree,Civil servant,Living with parents,"36,000,000–45,000,000 VND",Chinese,5,1,5,1,5,1,1,1,4,2,5,4,2,5,2,3,4,2,5,1,1,2
20,promotion,Female,20–29,Bachelor’s degree,Student,Single,">46,000,000 VND",Chinese,4,3,2,5,5,2,2,1,4,2,1,1,4,5,5,4,5,3,6,2,1,3
21,promotion,Female,50–59,Postgraduate degree,Civil servant,Living with parents,">46,000,000 VND",Chinese,5,3,5,4,5,2,2,4,5,3,3,5,3,1,1,4,5,3,6,2,1,4
22,promotion,Male,50–59,High school,Managerial employee,Living with parents,"<15,000,000 VND",Chinese,3,2,2,1,5,5,1,4,1,5,5,5,2,4,3,2,3,4,3,1,1,2
23,promotion,Female,>60,High school,Other,Divorced,"16,000,000–25,000,000 VND",Chinese,2,4,2,3,5,5,2,1,5,5,5,2,5,3,4,3,4,3,2,1,1,2
24,promotion,Female,50–59,Bachelor’s degree,Civil servant,Single,"26,000,000–35,000,000 VND",Chinese,3,4,5,5,5,4,3,5,1,2,2,5,2,4,1,4,5,3,4,2,3,3
25,promotion,Male,30–39,High school,Student,Living with parents,"36,000,000–45,000,000 VND",Chinese,1,2,3,1,5,3,1,1,3,4,5,5,4,2,4,3,4,4,5,1,2,3
26,promotion,Male,30–39,Bachelor’s degree,Managerial employee,Divorced,">46,000,000 VND",Chinese,5,3,2,4,5,4,2,1,2,4,5,5,3,3,4,4,5,3,4,2,1,3
27,promotion,Female,20–29,High school,Student,Living with parents,"<15,000,000 VND",Chinese,5,4,5,1,3,3,1,4,2,3,3,3,3,5,2,3,4,3,5,2,3,4
28,promotion,Male,50–59,High school,Student,Living with parents,">46,000,000 VND",Chinese,5,2,1,2,2,2,1,2,1,5,4,1,5,3,5,3,4,3,5,1,2,3
29,promotion,Male,>60,Bachelor’s degree,Managerial employee,Living with parents,">46,000,000 VND",Chinese,2,1,1,5,1,4,2,2,4,5,3,2,3,4,4,3,2,4,5,1,2,3
30,promotion,Male,>60,Postgraduate degree,Civil servant,Divorced,"36,000,000–45,000,000 VND",Chinese,1,3,1,3,4,2,3,2,4,3,2,2,5,1,5,3,2,4,5,1,1,2
31,promotion,Female,<20,High school,Student,Living with parents,"26,000,000–35,000,000 VND",Chinese,5,4,5,4,5,2,3,4,4,5,1,1,3,4,5,5,6,6,7,4,5,6
32,promotion,Female,>60,Postgraduate degree,Student,Divorced,"26,000,000–35,000,000 VND",Chinese,4,3,5,3,1,2,3,5,5,1,1,5,3,2,5,3,4,5,2,1,2,3
33,promotion,Male,40–49,High school,Student,Single,"36,000,000–45,000,000 VND",Chinese,4,1,5,2,2,3,3,2,2,3,2,1,4,4,1,3,4,5,2,1,2,3
34,promotion,Female,30–39,Bachelor’s degree,Blue-collar worker,Living with parents,"26,000,000–35,000,000 VND",Chinese,5,5,1,4,1,3,2,5,1,1,5,3,3,4,3,4,5,4,3,2,3,4
35,promotion,Female,>60,High school,Civil servant,Married,">46,000,000 VND",Chinese,2,1,3,5,3,5,2,4,2,2,4,1,5,2,4,3,2,4,5,1,2,3
36,promotion,Female,>60,Bachelor’s degree,Civil servant,Divorced,"16,000,000–25,000,000 VND",Chinese,2,4,2,5,5,3,2,5,1,4,3,1,3,4,3,3,4,2,5,1,2,3
37,promotion,Female,30–39,Bachelor’s degree,Student,Married,"36,000,000–45,000,000 VND",Chinese,5,1,3,1,1,2,4,5,4,5,5,5,3,3,3,3,4,4,5,2,2,3
38,promotion,Male,>60,Bachelor’s degree,Student,Living with parents,"16,000,000–25,000,000 VND",Chinese,4,4,4,1,4,4,1,2,4,1,5,2,2,4,3,4,5,4,3,2,1,3
39,promotion,Female,30–39,High school,Office worker,Single,">46,000,000 VND",Chinese,4,2,3,1,3,2,1,3,1,1,4,3,3,5,2,3,4,2,5,1,2,3
40,promotion,Female,40–49,Postgraduate degree,Other,Living with parents,"<15,000,000 VND",Chinese,1,2,5,3,4,2,1,3,4,5,5,2,4,2,3,3,4,3,5,,,
41,promotion,Female,>60,Postgraduate degree,Civil servant,Married,"16,000,000–25,000,000 VND",Chinese,2,4,2,3,4,2,3,1,4,1,1,3,5,5,4,4,5,4,3,2,1,2
42,promotion,Female,20–29,Postgraduate degree,Student,Single,">46,000,000 VND",Chinese,3,3,4,2,5,4,2,3,1,2,2,1,2,1,4,3,4,4,5,2,3,4
43,promotion,Female,20–29,Postgraduate degree,Blue-collar worker,Divorced,"<15,000,000 VND",Chinese,5,5,2,2,3,2,4,1,5,2,1,3,5,4,3,4,5,3,6,1,2,3
44,promotion,Male,>60,Bachelor’s degree,Civil servant,Single,"36,000,000–45,000,000 VND",Chinese,5,1,4,2,2,5,5,3,2,2,5,2,4,3,1,3,4,2,5,1,1,2
45,promotion,Female,<20,Bachelor’s degree,Student,Single,"36,000,000–45,000,000 VND",Chinese,2,2,5,2,1,2,3,1,5,2,2,3,3,5,2,3,2,4,5,1,1,2
46,promotion,Male,30–39,High school,Other,Divorced,"16,000,000–25,000,000 VND",Chinese,3,5,3,4,2,5,5,3,5,3,3,5,5,2,2,4,5,3,6,1,2,3
47,promotion,Male,20–29,Bachelor’s degree,Civil servant,Married,"16,000,000–25,000,000 VND",Chinese,2,5,4,2,3,1,4,5,1,5,4,3,5,3,3,4,5,4,3,2,1,3
48,promotion,Male,50–59,High school,Other,Living with parents,"16,000,000–25,000,000 VND",Chinese,2,3,1,2,2,5,1,2,1,4,5,1,5,4,1,2,3,3,4,1,1,2
49,promotion,Female,20–29,High school,Managerial employee,Divorced,"<15,000,000 VND",Chinese,1,2,5,3,2,2,1,1,4,3,2,1,4,2,5,3,4,2,5,1,2,3
50,promotion,Female,20–29,Postgraduate degree,Student,Living with parents,"26,000,000–35,000,000 VND",Chinese,4,4,4,5,4,3,2,1,1,3,5,1,1,1,5,4,5,3,6,2,1,3
51,promotion,Male,<20,High school,Student,Divorced,"36,000,000–45,000,000 VND",Chinese,2,4,5,5,4,4,5,3,3,5,5,5,2,1,5,3,4,4,5,1,2,3
52,promotion,Female,>60,Bachelor’s degree,Other,Single,"<15,000,000 VND",Chinese,4,4,5,3,5,3,1,3,2,4,4,3,3,3,3,3,4,3,5,2,1,3
53,promotion,Male,40–49,High school,Blue-collar worker,Divorced,"16,000,000–25,000,000 VND",Chinese,1,2,5,3,1,2,4,4,5,3,3,5,2,2,5,3,4,3,5,2,1,3
54,promotion,Female,20–29,Bachelor’s degree,Student,Divorced,"<15,000,000 VND",Chinese,5,5,5,3,5,5,4,2,3,5,3,5,5,2,1,4,5,3,6,1,2,3
55,promotion,Male,<20,High school,Blue-collar worker,Married,"16,000,000–25,000,000 VND",Chinese,4,1,2,2,4,3,3,1,4,2,2,1,4,5,1,4,3,3,2,1,1,2
56,promotion,Female,40–49,High school,Office worker,Living with parents,"16,000,000–25,000,000 VND",Chinese,3,4,4,1,4,2,2,1,4,2,4,2,1,1,4,5,4,3,4,2,1,3
57,promotion,Female,30–39,Bachelor’s degree,Other,Living with parents,"<15,000,000 VND",Chinese,1,5,2,1,4,4,4,4,1,4,1,1,5,4,3,3,4,4,5,2,3,4
58,promotion,Male,50–59,Postgraduate degree,Blue-collar worker,Single,"<15,000,000 VND",Chinese,4,4,1,1,4,1,5,1,2,5,4,2,4,1,5,3,4,5,4,2,3,3
59,promotion,Male,>60,Postgraduate degree,Managerial employee,Single,"16,000,000–25,000,000 VND",Chinese,3,4,3,1,4,4,5,2,2,4,2,5,1,2,2,3,4,3,4,1,2,3
60,promotion,Male,<20,High school,Managerial employee,Single,"26,000,000–35,000,000 VND",Chinese,1,1,5,4,1,1,4,2,4,2,1,3,5,5,3,4,3,2,5,1,2,3
61,promotion,Male,30–39,Bachelor’s degree,Student,Single,"36,000,000–45,000,000 VND",Chinese,1,2,5,5,1,5,5,2,1,5,4,2,2,1,5,3,4,2,5,1,2,3
62,promotion,Female,20–29,High school,Managerial employee,Married,">46,000,000 VND",Chinese,3,2,5,3,1,2,1,4,2,5,4,2,1,1,3,4,3,4,5,2,1,3
63,promotion,Female,20–29,Bachelor’s degree,Other,Married,"16,000,000–25,000,000 VND",Chinese,1,1,3,4,2,5,3,3,2,4,2,3,1,1,5,3,2,4,3,1,2,3
64,promotion,Female,>60,High school,Student,Married,"26,000,000–35,000,000 VND",Chinese,2,3,1,3,1,4,4,5,3,4,2,3,2,1,4,3,4,5,2,1,2,3
65,promotion,Male,<20,Bachelor’s degree,Student,Married,">46,000,000 VND",Chinese,5,3,3,2,3,2,4,1,4,2,5,2,5,2,4,3,4,4,5,1,2,3
66,promotion,Female,>60,Bachelor’s degree,Blue-collar worker,Divorced,"<15,000,000 VND",Chinese,5,1,3,3,2,5,5,2,2,1,1,2,3,5,2,3,4,2,5,1,2,3
67,promotion,Female,<20,Bachelor’s degree,Office worker,Married,"36,000,000–45,000,000 VND",Chinese,5,5,2,4,4,2,4,5,5,1,1,1,5,5,2,5,6,6,7,3,4,5
68,promotion,Female,30–39,High school,Managerial employee,Married,"26,000,000–35,000,000 VND",Chinese,2,2,1,5,1,3,1,2,1,2,3,1,2,3,5,3,2,4,3,1,2,3
69,promotion,Female,50–59,Postgraduate degree,Managerial employee,Living with parents,"26,000,000–35,000,000 VND",Chinese,5,1,2,1,1,4,3,3,3,4,1,3,2,4,1,2,3,4,2,1,1,2
70,promotion,Female,40–49,Postgraduate degree,Blue-collar worker,Single,"26,000,000–35,000,000 VND",Chinese,2,5,2,4,1,2,3,5,4,1,5,3,4,5,3,4,5,4,6,2,3,4
71,promotion,Male,30–39,High school,Student,Divorced,"16,000,000–25,000,000 VND",Chinese,5,1,3,5,5,2,1,1,3,2,4,1,3,2,2,3,4,5,6,1,2,4
72,promotion,Female,30–39,Bachelor’s degree,Blue-collar worker,Divorced,"16,000,000–25,000,000 VND",Chinese,1,5,2,3,4,5,2,3,3,4,5,5,1,2,3,4,5,3,4,2,1,3
73,promotion,Male,50–59,Postgraduate degree,Student,Single,"36,000,000–45,000,000 VND",Chinese,1,2,3,4,4,5,5,4,1,5,5,1,3,3,3,3,4,4,5,1,2,3
74,promotion,Female,50–59,Postgraduate degree,Civil servant,Divorced,"16,000,000–25,000,000 VND",Chinese,5,1,3,2,3,3,4,2,1,4,3,5,3,2,1,3,4,5,4,2,3,4
75,promotion,Male,30–39,Postgraduate degree,Civil servant,Divorced,"16,000,000–25,000,000 VND",Chinese,3,1,5,3,3,4,5,2,3,4,5,5,2,2,3,3,4,3,2,1,1,2
76,promotion,Female,40–49,High school,Other,Divorced,"26,000,000–35,000,000 VND",Chinese,5,3,3,1,1,1,3,3,2,1,4,5,4,4,1,3,4,2,5,1,2,3
77,promotion,Male,40–49,Postgraduate degree,Other,Married,"<15,000,000 VND",Chinese,2,1,4,2,4,2,5,4,3,1,3,5,2,2,3,3,4,4,5,1,2,3
78,promotion,Female,30–39,Bachelor’s degree,Office worker,Single,">46,000,000 VND",Chinese,2,3,1,3,2,1,2,3,2,5,5,1,2,4,5,4,5,3,4,1,2,3
79,promotion,Female,>60,Postgraduate degree,Other,Married,"36,000,000–45,000,000 VND",Chinese,5,5,1,1,3,1,4,4,4,1,5,1,5,5,3,4,5,3,2,1,1,2
80,promotion,Female,20–29,Postgraduate degree,Blue-collar worker,Married,"<15,000,000 VND",Chinese,4,3,2,5,5,5,5,1,5,4,4,2,4,4,3,3,4,4,5,2,3,4
81,promotion,Male,<20,Bachelor’s degree,Managerial employee,Living with parents,"26,000,000–35,000,000 VND",Chinese,3,2,1,2,5,4,5,2,2,2,3,5,3,3,3,4,3,3,4,2,1,3
82,promotion,Male,30–39,Bachelor’s degree,Other,Living with parents,"16,000,000–25,000,000 VND",Chinese,4,2,2,3,4,2,4,1,1,1,1,1,1,4,1,4,3,3,5,2,1,3
83,promotion,Female,<20,Postgraduate degree,Office worker,Single,"36,000,000–45,000,000 VND",Chinese,1,5,5,2,5,1,2,1,5,4,2,2,4,3,3,3,4,5,6,2,3,4
84,promotion,Female,20–29,Bachelor’s degree,Managerial employee,Married,"16,000,000–25,000,000 VND",Chinese,5,4,3,2,3,4,4,1,3,2,3,4,2,2,2,4,5,3,6,2,1,3
85,promotion,Male,40–49,Bachelor’s degree,Managerial employee,Living with parents,"36,000,000–45,000,000 VND",Chinese,1,3,1,4,1,2,3,2,3,1,4,4,2,3,1,3,2,4,5,1,2,3
86,promotion,Female,<20,Bachelor’s degree,Office worker,Single,"36,000,000–45,000,000 VND",Chinese,1,5,5,2,3,1,5,4,2,4,1,5,2,3,1,3,4,4,5,2,3,4
87,promotion,Female,40–49,Bachelor’s degree,Office worker,Married,"26,000,000–35,000,000 VND",Chinese,4,1,5,2,3,2,4,4,4,2,4,2,5,4,2,5,6,4,3,2,1,3
88,promotion,Male,30–39,High school,Other,Married,"36,000,000–45,000,000 VND",Chinese,3,2,4,1,1,3,2,4,2,2,1,3,2,2,2,3,2,2,1,1,1,2
89,promotion,Male,20–29,Bachelor’s degree,Civil servant,Single,"36,000,000–45,000,000 VND",Chinese,2,4,3,3,5,1,5,1,3,4,4,1,3,4,3,4,5,6,3,2,1,4
90,promotion,Male,30–39,Bachelor’s degree,Managerial employee,Single,"26,000,000–35,000,000 VND",Chinese,5,4,3,4,5,3,5,4,1,3,4,3,2,4,4,4,5,4,3,2,1,3
91,promotion,Female,>60,Bachelor’s degree,Student,Divorced,"16,000,000–25,000,000 VND",Chinese,4,1,2,5,4,4,4,1,2,4,4,5,3,5,1,3,4,5,6,2,3,4
92,promotion,Male,>60,High school,Civil servant,Divorced,"26,000,000–35,000,000 VND",Chinese,4,3,5,4,3,5,1,5,3,1,5,5,1,3,1,4,5,3,2,1,1,2
93,promotion,Male,<20,Bachelor’s degree,Managerial employee,Married,"36,000,000–45,000,000 VND",Chinese,5,2,3,3,2,1,3,1,2,2,5,3,5,5,1,3,4,3,5,1,2,3
94,promotion,Male,20–29,High school,Student,Divorced,"36,000,000–45,000,000 VND",Chinese,5,5,3,3,1,2,1,1,1,3,5,5,5,4,5,4,5,3,6,2,1,3
95,promotion,Female,30–39,Bachelor’s degree,Blue-collar worker,Married,"36,000,000–45,000,000 VND",Chinese,1,3,1,5,5,5,5,2,2,2,4,5,2,4,4,3,4,3,5,2,3,4
96,promotion,Male,30–39,Postgraduate degree,Managerial employee,Single,"<15,000,000 VND",Chinese,3,5,2,2,1,2,4,4,3,2,1,2,1,1,2,3,4,5,3,,,
97,promotion,Female,<20,Bachelor’s degree,Civil servant,Single,"<15,000,000 VND",Chinese,5,3,3,4,3,3,2,1,1,4,4,5,3,4,3,3,4,2,5,1,2,3
98,promotion,Male,30–39,High school,Office worker,Single,"26,000,000–35,000,000 VND",Chinese,5,3,5,3,5,4,5,5,4,4,1,4,2,4,4,6,5,5,4,3,2,3
99,promotion,Male,20–29,High school,Civil servant,Married,"26,000,000–35,000,000 VND",Chinese,5,4,5,5,4,4,3,5,2,3,5,5,4,3,4,5,6,5,4,3,2,4
100,promotion,Female,>60,Bachelor’s degree,Civil servant,Living with parents,"<15,000,000 VND",Chinese,5,4,3,5,3,4,1,1,1,2,1,5,5,3,1,3,4,2,5,1,2,3
101,promotion,Male,20–29,High school,Blue-collar worker,Living with parents,">46,000,000 VND",Chinese,4,3,5,2,2,1,1,3,4,3,4,5,2,1,1,3,4,2,5,1,2,4
102,promotion,Female,50–59,High school,Student,Married,"<15,000,000 VND",Chinese,4,1,3,2,3,1,1,2,1,1,2,4,2,4,3,3,2,2,1,1,1,2
103,promotion,Male,30–39,High school,Office worker,Married,"16,000,000–25,000,000 VND",Chinese,5,3,2,3,1,2,1,1,1,3,2,3,3,2,4,3,4,3,5,2,3,4
104,promotion,Female,30–39,Postgraduate degree,Civil servant,Married,"16,000,000–25,000,000 VND",Chinese,3,4,4,1,5,1,2,1,5,3,2,2,3,1,3,3,4,2,5,1,2,3
105,promotion,Male,>60,Postgraduate degree,Managerial employee,Divorced,"<15,000,000 VND",Chinese,2,3,1,4,4,2,1,3,1,4,1,1,3,3,4,3,4,3,5,,,
106,promotion,Female,>60,High school,Office worker,Single,"<15,000,000 VND",Chinese,2,5,2,5,4,2,3,2,1,5,2,4,3,1,3,3,4,4,5,2,1,3
107,promotion,Female,20–29,Postgraduate degree,Civil servant,Living with parents,"<15,000,000 VND",Chinese,1,4,4,1,5,1,1,5,2,2,1,2,1,1,4,4,5,6,3,1,2,3
108,promotion,Male,40–49,Bachelor’s degree,Other,Married,"16,000,000–25,000,000 VND",Chinese,5,1,5,5,4,4,3,2,4,5,1,5,2,3,3,4,3,4,3,2,1,3
109,promotion,Female,40–49,Bachelor’s degree,Blue-collar worker,Living with parents,"26,000,000–35,000,000 VND",Chinese,3,5,4,1,5,5,4,1,5,3,4,3,5,5,1,5,6,5,4,3,2,1
110,promotion,Female,20–29,Postgraduate degree,Civil servant,Married,"26,000,000–35,000,000 VND",Chinese,5,5,5,2,5,1,5,1,3,2,3,3,1,3,4,4,5,5,6,2,3,4
111,promotion,Male,40–49,High school,Student,Married,"16,000,000–25,000,000 VND",Chinese,5,4,4,1,5,5,1,4,3,1,1,5,1,1,4,3,4,5,4,2,1,3
112,promotion,Female,50–59,Bachelor’s degree,Civil servant,Divorced,">46,000,000 VND",Chinese,1,4,3,5,2,3,3,3,4,2,4,5,3,5,4,4,5,3,2,,,
113,promotion,Female,50–59,Bachelor’s degree,Other,Single,">46,000,000 VND",Chinese,2,5,3,1,5,4,5,1,2,3,1,2,5,3,4,5,6,5,4,3,2,1
114,promotion,Male,<20,Bachelor’s degree,Blue-collar worker,Living with parents,"<15,000,000 VND",Chinese,2,1,1,5,3,3,5,2,4,5,5,1,3,2,1,2,3,3,4,1,1,2
115,promotion,Female,40–49,High school,Office worker,Living with parents,"36,000,000–45,000,000 VND",Chinese,3,1,3,5,5,1,2,1,3,3,2,4,4,4,1,4,3,3,5,2,1,3
116,promotion,Male,50–59,Postgraduate degree,Civil servant,Living with parents,"16,000,000–25,000,000 VND",Chinese,1,1,2,5,5,1,4,5,3,4,4,2,5,4,2,3,4,3,5,1,2,3
117,promotion,Female,30–39,Bachelor’s degree,Other,Living with parents,"<15,000,000 VND",Chinese,3,1,5,4,1,3,2,2,4,4,3,4,5,5,1,3,4,4,5,2,2,3
118,promotion,Male,20–29,High school,Blue-collar worker,Living with parents,"<15,000,000 VND",Chinese,5,4,5,2,1,3,1,2,2,5,5,3,4,2,5,3,4,3,5,2,3,4
119,promotion,Male,20–29,Bachelor’s degree,Managerial employee,Single,"<15,000,000 VND",Chinese,5,2,5,5,5,3,1,2,4,4,2,3,1,4,5,5,6,6,4,3,2,4
120,promotion,Male,30–39,High school,Student,Married,"<15,000,000 VND",Chinese,1,3,3,1,4,5,5,4,2,5,2,4,2,1,1,3,4,2,5,,,
121,promotion,Female,30–39,Bachelor’s degree,Civil servant,Divorced,"26,000,000–35,000,000 VND",Chinese,1,1,4,5,4,3,4,5,1,3,2,3,4,3,1,4,5,3,2,1,2,3
122,promotion,Male,<20,Bachelor’s degree,Other,Single,">46,000,000 VND",Chinese,5,2,4,5,2,2,3,4,5,4,5,4,4,1,4,5,4,3,6,1,2,3
123,promotion,Female,40–49,High school,Civil servant,Living with parents,"26,000,000–35,000,000 VND",Chinese,2,3,3,1,2,4,2,5,4,2,5,2,1,2,1,3,4,4,5,2,2,3
124,promotion,Female,40–49,Bachelor’s degree,Office worker,Single,"16,000,000–25,000,000 VND",Chinese,4,1,1,2,2,3,5,5,4,5,5,3,2,5,3,4,3,5,2,1,2,3
125,promotion,Female,<20,Postgraduate degree,Other,Divorced,"<15,000,000 VND",Chinese,3,5,5,3,4,1,1,2,2,3,1,4,3,5,5,5,6,4,3,2,1,3
126,promotion,Female,50–59,High school,Student,Single,"26,000,000–35,000,000 VND",Chinese,1,4,5,4,5,1,5,1,4,2,4,1,1,1,2,4,5,6,3,2,1,3
127,promotion,Male,<20,High school,Civil servant,Married,"16,000,000–25,000,000 VND",Chinese,4,4,4,1,5,5,3,2,2,4,4,3,5,1,5,4,5,3,2,1,1,2
128,promotion,Female,40–49,Postgraduate degree,Student,Married,"26,000,000–35,000,000 VND",Chinese,4,3,5,4,3,5,4,1,2,1,5,5,3,2,3,4,5,3,6,2,1,4
129,promotion,Female,>60,Postgraduate degree,Civil servant,Married,"36,000,000–45,000,000 VND",Chinese,5,1,1,1,3,5,2,1,3,5,5,1,3,4,5,3,4,2,5,1,2,3
130,promotion,Female,>60,Postgraduate degree,Office worker,Married,"36,000,000–45,000,000 VND",Chinese,5,5,5,2,5,3,4,5,1,1,2,4,4,2,4,4,5,3,6,2,1,3
131,promotion,Female,30–39,High school,Managerial employee,Single,"<15,000,000 VND",Chinese,3,3,5,2,4,2,3,4,3,1,2,4,4,5,5,5,6,5,4,3,2,4
132,promotion,Female,50–59,Bachelor’s degree,Blue-collar worker,Divorced,"36,000,000–45,000,000 VND",Chinese,3,1,5,2,3,1,2,4,1,2,2,3,3,4,2,3,2,4,2,1,2,3
133,promotion,Female,<20,High school,Managerial employee,Single,"<15,000,000 VND",Chinese,2,1,4,4,1,3,3,2,3,2,2,1,3,5,2,3,4,5,4,2,3,4
134,promotion,Male,40–49,Postgraduate degree,Civil servant,Married,"26,000,000–35,000,000 VND",Chinese,5,2,3,2,4,4,2,5,2,5,5,2,2,2,1,3,4,5,4,2,3,4
135,promotion,Female,50–59,High school,Other,Married,">46,000,000 VND",Chinese,3,4,2,5,3,1,3,3,3,2,3,5,1,4,2,4,5,3,2,1,2,3
136,promotion,Female,20–29,Bachelor’s degree,Other,Single,">46,000,000 VND",Chinese,5,4,4,2,5,3,3,3,3,2,1,5,2,2,4,5,4,3,4,2,1,3
137,promotion,Female,50–59,Bachelor’s degree,Student,Married,"16,000,000–25,000,000 VND",Chinese,5,4,1,4,1,1,3,3,4,1,5,4,4,1,4,3,4,2,5,1,1,3
138,promotion,Female,30–39,Postgraduate degree,Student,Married,"36,000,000–45,000,000 VND",Chinese,3,2,1,4,2,3,5,2,1,4,1,1,2,2,4,4,5,3,6,2,1,3
139,promotion,Female,30–39,Postgraduate degree,Other,Divorced,"26,000,000–35,000,000 VND",Chinese,2,3,1,1,1,4,5,4,1,4,4,5,1,4,3,3,4,3,5,1,2,3
140,promotion,Male,50–59,Bachelor’s degree,Managerial employee,Single,"26,000,000–35,000,000 VND",Chinese,1,2,1,4,2,1,4,2,2,2,3,5,2,1,5,2,3,4,2,1,1,2
141,promotion,Male,40–49,Bachelor’s degree,Other,Living with parents,"16,000,000–25,000,000 VND",Chinese,4,1,3,3,1,1,3,1,2,1,2,4,5,3,5,3,4,5,6,2,4,3
142,promotion,Female,20–29,Bachelor’s degree,Other,Divorced,"36,000,000–45,000,000 VND",Chinese,1,1,4,2,1,4,5,2,2,5,4,5,5,1,2,3,4,3,5,1,2,3
143,promotion,Male,>60,Bachelor’s degree,Student,Married,"16,000,000–25,000,000 VND",Chinese,5,4,4,2,1,5,3,3,3,5,5,3,2,5,2,3,4,2,5,1,2,3
144,promotion,Female,40–49,High school,Blue-collar worker,Divorced,">46,000,000 VND",Chinese,2,4,2,2,4,3,3,3,2,4,3,3,3,3,5,3,4,5,6,2,3,5
145,promotion,Male,50–59,Postgraduate degree,Other,Divorced,">46,000,000 VND",Chinese,4,4,4,2,5,2,2,2,1,2,4,1,3,2,2,4,5,3,2,1,2,3
146,promotion,Female,30–39,Postgraduate degree,Office worker,Married,"36,000,000–45,000,000 VND",Chinese,3,1,1,4,1,1,4,4,5,4,5,1,5,1,5,3,4,4,5,2,3,4
147,promotion,Male,40–49,Postgraduate degree,Office worker,Living with parents,">46,000,000 VND",Chinese,3,1,5,3,4,3,2,5,2,3,1,3,2,2,4,3,4,3,2,,,
148,promotion,Male,20–29,High school,Civil servant,Divorced,"16,000,000–25,000,000 VND",Chinese,2,2,4,1,1,4,2,2,4,5,2,2,3,5,3,3,4,3,5,2,1,3
149,promotion,Female,>60,Postgraduate degree,Civil servant,Living with parents,"36,000,000–45,000,000 VND",Chinese,5,5,4,5,5,3,4,1,1,5,1,1,3,1,1,4,5,3,2,1,1,2
150,promotion,Female,<20,Bachelor’s degree,Office worker,Single,"36,000,000–45,000,000 VND",Chinese,2,1,1,3,1,4,5,4,2,5,1,5,1,4,2,3,4,4,5,2,3,3
151,promotion,Female,40–49,Postgraduate degree,Managerial employee,Divorced,"36,000,000–45,000,000 VND",Chinese,5,2,1,2,5,3,1,1,2,4,2,2,2,1,3,3,4,3,5,2,3,4
152,promotion,Female,>60,High school,Managerial employee,Divorced,"<15,000,000 VND",Chinese,1,3,1,1,5,3,3,4,4,1,5,5,2,5,2,3,4,3,2,1,1,2
153,promotion,Female,>60,High school,Other,Single,"36,000,000–45,000,000 VND",Chinese,2,2,2,1,2,5,1,3,4,2,3,1,4,2,4,3,4,2,5,1,2,3
154,promotion,Female,30–39,Postgraduate degree,Office worker,Single,"<15,000,000 VND",Chinese,2,1,3,1,1,1,4,2,1,2,5,5,5,2,5,3,2,4,1,,,
155,promotion,Female,50–59,Bachelor’s degree,Blue-collar worker,Living with parents,"16,000,000–25,000,000 VND",Chinese,5,1,4,1,3,2,4,4,1,1,5,1,2,2,1,3,4,3,5,2,1,3
156,promotion,Male,<20,High school,Office worker,Married,"26,000,000–35,000,000 VND",Chinese,4,1,5,4,4,2,4,4,1,4,2,5,4,4,2,4,5,4,3,2,1,3
157,promotion,Female,20–29,Bachelor’s degree,Blue-collar worker,Married,"<15,000,000 VND",Chinese,1,1,2,5,1,5,5,4,1,2,1,4,4,3,1,3,4,2,5,1,2,3
158,promotion,Female,<20,Postgraduate degree,Civil servant,Living with parents,"26,000,000–35,000,000 VND",Chinese,5,3,5,2,4,3,5,5,1,1,1,2,2,3,3,4,5,6,3,2,1,3
159,promotion,Female,<20,Postgraduate degree,Other,Married,"<15,000,000 VND",Chinese,2,1,2,5,1,3,1,2,1,1,4,4,1,1,4,2,3,4,3,1,2,3
160,promotion,Male,30–39,High school,Student,Single,"36,000,000–45,000,000 VND",Chinese,3,2,5,3,4,5,4,1,2,5,4,4,3,3,4,3,4,3,5,2,1,3
161,promotion,Female,<20,High school,Civil servant,Living with parents,"16,000,000–25,000,000 VND",Chinese,1,2,4,4,3,5,1,3,3,1,2,2,1,4,2,3,4,3,5,2,3,4
162,promotion,Male,40–49,Bachelor’s degree,Blue-collar worker,Married,"<15,000,000 VND",Chinese,5,3,2,5,3,3,5,2,2,1,5,1,1,5,5,4,5,4,3,2,1,3
163,promotion,Male,<20,High school,Office worker,Single,"36,000,000–45,000,000 VND",Chinese,3,3,2,1,4,4,1,5,3,3,1,4,4,1,2,4,5,3,6,2,1,3
164,promotion,Female,<20,High school,Blue-collar worker,Living with parents,"<15,000,000 VND",Chinese,1,1,1,4,4,4,3,3,4,2,2,3,3,4,1,3,4,3,4,,,
165,promotion,Male,>60,Postgraduate degree,Other,Divorced,">46,000,000 VND",Chinese,3,5,4,1,5,4,3,1,3,2,2,3,5,1,4,4,5,3,4,2,1,3
166,promotion,Female,30–39,Bachelor’s degree,Managerial employee,Divorced,">46,000,000 VND",Chinese,3,5,1,5,1,1,5,2,3,3,1,1,5,2,5,4,5,3,6,1,2,3
167,promotion,Female,<20,Bachelor’s degree,Managerial employee,Single,"<15,000,000 VND",Chinese,4,4,4,2,3,4,5,3,5,5,5,2,4,4,4,5,6,4,3,2,1,3
168,promotion,Male,20–29,High school,Office worker,Married,"<15,000,000 VND",Chinese,1,5,1,4,3,2,4,3,4,3,1,3,2,3,5,4,5,4,3,2,3,4
169,promotion,Male,>60,Bachelor’s degree,Blue-collar worker,Single,"26,000,000–35,000,000 VND",Chinese,5,5,5,3,5,4,3,1,1,4,3,1,1,3,4,4,5,3,4,1,2,3
170,promotion,Male,40–49,Postgraduate degree,Managerial employee,Living with parents,"26,000,000–35,000,000 VND",Chinese,1,3,1,5,2,2,2,1,1,4,5,5,1,2,3,3,4,2,5,1,2,3
171,promotion,Female,20–29,Postgraduate degree,Blue-collar worker,Married,"36,000,000–45,000,000 VND",Chinese,2,4,5,1,2,3,2,2,5,2,3,5,2,1,5,3,4,2,5,1,2,3
172,promotion,Male,>60,Bachelor’s degree,Office worker,Married,"<15,000,000 VND",Chinese,3,1,5,3,2,3,3,4,2,4,4,1,1,1,3,3,4,3,5,2,1,3
173,promotion,Female,40–49,High school,Other,Single,"36,000,000–45,000,000 VND",Chinese,2,4,3,5,2,2,4,4,2,3,2,4,3,5,4,4,5,4,3,2,1,3
174,promotion,Male,20–29,Postgraduate degree,Other,Married,"<15,000,000 VND",Chinese,3,3,4,1,2,1,4,3,3,5,5,5,5,1,2,3,4,2,5,1,2,3
175,promotion,Female,>60,Bachelor’s degree,Other,Married,"26,000,000–35,000,000 VND",Chinese,2,5,4,5,2,5,2,2,3,4,3,2,3,2,1,4,5,4,3,2,1,3
176,promotion,Female,50–59,Bachelor’s degree,Office worker,Divorced,"16,000,000–25,000,000 VND",Chinese,4,1,5,5,3,5,1,2,5,5,2,5,3,2,3,4,5,3,4,2,1,3
177,promotion,Male,50–59,Postgraduate degree,Office worker,Living with parents,"36,000,000–45,000,000 VND",Chinese,1,3,1,2,3,1,4,2,3,3,2,4,4,1,5,3,4,3,2,1,2,3
178,promotion,Male,>60,Bachelor’s degree,Student,Divorced,"36,000,000–45,000,000 VND",Chinese,3,4,3,5,4,3,5,1,1,4,2,4,3,4,4,3,4,5,4,2,3,4
179,promotion,Male,40–49,Postgraduate degree,Other,Living with parents,"16,000,000–25,000,000 VND",Chinese,3,2,3,3,5,3,4,3,5,4,1,3,4,4,4,4,5,4,3,2,3,3
180,promotion,Female,>60,Bachelor’s degree,Blue-collar worker,Single,">46,000,000 VND",Chinese,1,1,2,2,1,3,5,1,2,5,2,5,4,4,1,3,2,3,2,1,2,3
181,promotion,Male,20–29,High school,Civil servant,Living with parents,"16,000,000–25,000,000 VND",Chinese,1,1,2,3,4,3,3,3,5,3,3,2,2,5,5,3,4,4,5,2,3,4
182,promotion,Female,<20,Bachelor’s degree,Office worker,Divorced,"26,000,000–35,000,000 VND",Chinese,4,2,4,4,2,3,5,5,4,1,5,4,5,1,5,4,3,3,2,1,2,3
183,promotion,Male,<20,Postgraduate degree,Student,Divorced,"26,000,000–35,000,000 VND",Chinese,1,5,2,2,5,1,4,1,3,5,5,4,2,3,4,3,4,3,5,2,3,4
184,promotion,Female,50–59,High school,Student,Divorced,"36,000,000–45,000,000 VND",Chinese,1,2,1,1,1,1,1,4,2,1,1,3,5,3,4,3,4,2,5,1,1,2
185,promotion,Male,<20,Bachelor’s degree,Civil servant,Single,"36,000,000–45,000,000 VND",Chinese,5,3,5,3,3,4,5,1,5,2,4,4,5,1,1,3,4,5,4,2,3,4
186,promotion,Female,40–49,Bachelor’s degree,Other,Divorced,"16,000,000–25,000,000 VND",Chinese,1,2,1,5,4,4,3,5,2,2,5,2,1,1,3,3,4,4,5,2,3,4
187,promotion,Female,<20,High school,Managerial employee,Living with parents,">46,000,000 VND",Chinese,4,3,4,4,5,3,1,5,3,3,1,2,4,4,1,4,5,3,4,,,
188,promotion,Female,40–49,High school,Other,Married,"<15,000,000 VND",Chinese,3,1,5,5,1,4,3,2,2,4,5,3,3,3,4,3,4,3,5,1,2,3
189,promotion,Male,40–49,Postgraduate degree,Student,Single,"26,000,000–35,000,000 VND",Chinese,5,2,3,5,3,2,5,4,2,1,3,5,5,5,1,4,5,5,6,2,3,4
190,promotion,Female,50–59,Bachelor’s degree,Office worker,Living with parents,"26,000,000–35,000,000 VND",Chinese,2,1,4,5,5,1,5,2,4,4,2,2,3,5,1,3,4,5,2,1,2,3
191,promotion,Male,30–39,Bachelor’s degree,Office worker,Divorced,">46,000,000 VND",Chinese,4,5,3,3,5,4,1,3,2,1,3,2,5,3,1,5,6,5,4,3,2,4
192,promotion,Male,50–59,Postgraduate degree,Student,Married,">46,000,000 VND",Chinese,4,4,5,1,4,5,2,4,1,1,1,3,2,2,4,3,4,5,6,1,2,3
193,promotion,Male,50–59,Bachelor’s degree,Civil servant,Divorced,"36,000,000–45,000,000 VND",Chinese,2,3,1,2,3,1,2,1,3,2,3,1,3,3,3,2,3,4,3,1,2,3
194,promotion,Male,30–39,High school,Office worker,Divorced,"36,000,000–45,000,000 VND",Chinese,1,4,4,2,1,2,1,1,4,4,3,2,1,3,1,3,4,4,5,2,1,3
195,promotion,Female,50–59,Postgraduate degree,Office worker,Married,"16,000,000–25,000,000 VND",Chinese,5,2,1,3,5,3,5,4,4,1,2,3,5,1,5,4,5,4,3,2,1,3
196,promotion,Male,20–29,Bachelor’s degree,Student,Divorced,">46,000,000 VND",Chinese,5,2,4,1,4,4,5,3,1,4,3,1,2,3,5,4,5,3,6,2,1,3
197,promotion,Male,20–29,Postgraduate degree,Civil servant,Married,">46,000,000 VND",Chinese,5,2,5,5,4,3,5,2,2,1,5,5,3,3,2,4,5,6,5,3,2,1
198,promotion,Male,50–59,Bachelor’s degree,Student,Married,"16,000,000–25,000,000 VND",Chinese,5,1,5,5,5,1,4,4,1,5,5,5,5,2,5,4,3,2,5,1,1,2
199,promotion,Female,20–29,Postgraduate degree,Blue-collar worker,Living with parents,"36,000,000–45,000,000 VND",Chinese,5,3,1,4,1,2,1,3,4,4,3,1,3,4,3,3,4,3,5,2,3,4
200,promotion,Male,20–29,High school,Student,Divorced,"26,000,000–35,000,000 VND",Chinese,5,5,2,2,1,2,5,1,4,2,3,4,3,5,5,5,6,5,4,3,2,4
201,promotion,Female,50–59,High school,Office worker,Living with parents,"16,000,000–25,000,000 VND",Chinese,5,2,1,4,3,3,5,2,1,2,3,5,2,2,1,3,4,2,5,1,2,3
202,promotion,Female,30–39,Bachelor’s degree,Student,Single,">46,000,000 VND",Chinese,5,1,3,4,1,3,2,1,1,4,1,4,1,2,2,3,4,2,5,1,2,3
203,promotion,Male,20–29,Bachelor’s degree,Managerial employee,Single,"16,000,000–25,000,000 VND",Chinese,3,5,5,1,3,5,3,4,1,1,1,2,4,1,4,4,5,5,6,3,4,5
204,promotion,Male,<20,High school,Office worker,Married,"<15,000,000 VND",Chinese,5,2,5,2,1,2,1,5,1,1,1,1,4,3,1,4,5,3,6,1,2,3
205,promotion,Male,40–49,Bachelor’s degree,Office worker,Divorced,"26,000,000–35,000,000 VND",Chinese,1,3,1,1,1,1,4,4,4,2,1,5,3,1,1,3,2,4,1,1,1,2
206,promotion,Female,40–49,Postgraduate degree,Student,Living with parents,"16,000,000–25,000,000 VND",Chinese,2,2,3,4,4,4,4,4,5,2,3,3,1,4,2,3,4,5,4,2,3,4
207,promotion,Female,40–49,High school,Office worker,Single,"26,000,000–35,000,000 VND",Chinese,2,2,5,5,3,3,3,4,5,1,4,4,5,4,2,3,4,3,5,1,2,3
208,promotion,Female,40–49,High school,Other,Divorced,"16,000,000–25,000,000 VND",Chinese,3,4,5,2,2,4,5,2,3,3,4,4,1,2,5,4,5,3,6,2,3,4
209,promotion,Male,30–39,High school,Blue-collar worker,Married,"36,000,000–45,000,000 VND",Chinese,5,5,3,4,4,5,3,3,2,4,5,3,4,1,4,5,6,5,4,3,2,4
210,promotion,Female,>60,High school,Student,Single,">46,000,000 VND",Chinese,5,2,3,1,3,1,5,1,1,1,4,3,4,2,3,3,4,4,5,2,3,4
211,promotion,Male,<20,Postgraduate degree,Office worker,Single,"<15,000,000 VND",Chinese,3,4,3,5,2,1,2,2,1,5,3,5,2,2,1,3,4,2,5,1,2,3
212,promotion,Female,30–39,High school,Student,Married,"16,000,000–25,000,000 VND",Chinese,3,4,1,2,3,4,1,1,1,2,5,2,2,5,3,3,4,2,5,1,2,3
213,promotion,Male,30–39,Postgraduate degree,Managerial employee,Divorced,"36,000,000–45,000,000 VND",Chinese,2,3,1,4,1,1,2,4,5,4,4,1,1,1,2,3,4,3,5,2,3,4
214,promotion,Female,40–49,Bachelor’s degree,Managerial employee,Married,"16,000,000–25,000,000 VND",Chinese,3,4,5,1,1,5,5,4,4,3,5,4,1,5,1,3,4,5,4,2,3,4
215,promotion,Male,30–39,Bachelor’s degree,Student,Divorced,">46,000,000 VND",Chinese,5,5,3,2,1,2,5,5,5,1,5,5,4,1,4,5,6,5,4,3,2,4
217,promotion,Female,<20,Postgraduate degree,Blue-collar worker,Single,"<15,000,000 VND",Chinese,4,4,3,5,3,4,3,5,5,2,3,4,1,5,2,5,6,5,4,3,2,4
218,promotion,Female,30–39,Bachelor’s degree,Student,Divorced,"36,000,000–45,000,000 VND",Chinese,5,4,3,3,4,3,4,5,1,1,2,1,5,1,1,3,4,5,6,2,3,4
219,promotion,Male,50–59,Postgraduate degree,Managerial employee,Single,"<15,000,000 VND",Chinese,1,3,1,4,4,5,3,3,1,1,4,5,4,4,1,3,4,4,5,2,3,4
220,promotion,Male,40–49,Bachelor’s degree,Civil servant,Divorced,"26,000,000–35,000,000 VND",Chinese,4,3,4,1,4,1,3,1,3,5,2,5,4,2,5,4,5,3,6,2,1,3
221,promotion,Male,50–59,Postgraduate degree,Other,Married,">46,000,000 VND",Chinese,4,1,4,3,2,5,2,5,2,1,4,2,2,4,2,4,5,3,2,1,1,2
222,promotion,Male,<20,High school,Student,Living with parents,">46,000,000 VND",Chinese,1,2,3,1,2,5,5,3,3,4,2,1,2,1,3,3,4,3,5,1,2,3
223,promotion,Female,>60,Postgraduate degree,Office worker,Divorced,"<15,000,000 VND",Chinese,5,3,2,3,1,2,4,1,2,1,3,4,4,1,4,4,5,3,6,2,1,3
224,promotion,Male,<20,High school,Blue-collar worker,Married,">46,000,000 VND",Chinese,1,3,4,3,5,3,3,2,2,5,4,3,3,2,3,4,5,3,4,,,
225,promotion,Male,>60,High school,Other,Living with parents,"36,000,000–45,000,000 VND",Chinese,2,2,2,4,5,2,2,5,2,3,5,2,5,3,4,4,3,3,2,1,2,3
226,promotion,Female,<20,Bachelor’s degree,Other,Living with parents,"26,000,000–35,000,000 VND",Chinese,4,3,1,2,1,5,5,3,1,4,2,5,2,4,5,3,4,3,5,2,3,4
227,promotion,Male,50–59,Bachelor’s degree,Managerial employee,Single,"36,000,000–45,000,000 VND",Chinese,1,3,3,3,5,1,5,1,3,2,5,5,5,2,2,3,4,5,2,1,2,3
228,promotion,Female,50–59,Postgraduate degree,Managerial employee,Married,"16,000,000–25,000,000 VND",Chinese,2,3,1,4,4,3,3,4,5,5,2,2,2,2,1,3,4,3,5,2,3,4
229,promotion,Female,>60,Bachelor’s degree,Student,Living with parents,">46,000,000 VND",Chinese,1,1,5,2,4,1,2,3,1,1,1,3,2,5,2,3,4,2,5,1,2,3
230,promotion,Female,<20,Bachelor’s degree,Other,Living with parents,"<15,000,000 VND",Chinese,4,2,1,5,3,2,2,4,2,2,2,4,5,3,3,3,4,5,4,2,3,4
231,promotion,Female,40–49,Postgraduate degree,Office worker,Living with parents,"26,000,000–35,000,000 VND",Chinese,2,5,2,4,1,3,1,5,1,2,3,3,3,1,2,4,5,3,2,1,2,3
233,promotion,Female,>60,Bachelor’s degree,Managerial employee,Single,">46,000,000 VND",Chinese,3,1,3,1,1,2,4,3,4,1,4,3,3,1,1,3,2,4,1,,,
234,promotion,Male,>60,Postgraduate degree,Blue-collar worker,Living with parents,"26,000,000–35,000,000 VND",Chinese,4,1,2,4,2,2,5,3,1,3,5,1,1,4,2,3,4,3,2,1,2,2
235,promotion,Female,50–59,Bachelor’s degree,Blue-collar worker,Divorced,"16,000,000–25,000,000 VND",Chinese,1,4,4,5,5,5,1,5,1,1,1,5,4,3,2,3,4,5,2,,,
236,promotion,Male,50–59,Bachelor’s degree,Civil servant,Living with parents,"<15,000,000 VND",Chinese,2,2,5,4,2,3,1,5,5,5,4,2,2,2,4,3,4,4,5,1,2,3
237,promotion,Male,<20,Bachelor’s degree,Managerial employee,Married,"<15,000,000 VND",Chinese,4,1,5,5,3,1,1,3,1,2,5,3,4,5,5,3,4,3,5,2,3,4
238,promotion,Male,50–59,Postgraduate degree,Student,Living with parents,"16,000,000–25,000,000 VND",Chinese,2,3,5,1,2,2,4,2,5,1,2,4,2,2,5,3,4,5,4,2,3,4
239,promotion,Male,>60,Postgraduate degree,Other,Living with parents,"16,000,000–25,000,000 VND",Chinese,5,3,2,3,1,2,5,5,1,2,5,5,5,1,3,3,4,5,2,1,2,3
240,promotion,Female,40–49,Postgraduate degree,Blue-collar worker,Single,"<15,000,000 VND",Chinese,1,4,3,4,1,1,4,4,5,5,3,4,3,2,2,3,4,5,2,1,2,3
241,promotion,Female,40–49,Postgraduate degree,Student,Single,"<15,000,000 VND",Chinese,2,2,2,5,2,2,4,5,3,5,4,5,4,2,4,3,4,2,5,1,2,3
242,promotion,Male,<20,Bachelor’s degree,Student,Single,"36,000,000–45,000,000 VND",Chinese,4,2,2,3,2,1,2,2,3,1,2,5,2,5,3,3,4,5,2,1,2,3
243,promotion,Female,20–29,High school,Office worker,Divorced,"36,000,000–45,000,000 VND",Chinese,5,5,1,3,2,1,1,3,2,4,3,2,1,3,3,3,4,3,5,2,3,4
244,promotion,Male,>60,Bachelor’s degree,Student,Married,"16,000,000–25,000,000 VND",Chinese,2,2,2,2,3,2,2,5,3,1,5,2,5,3,3,3,4,4,5,2,3,4
245,promotion,Male,40–49,Postgraduate degree,Office worker,Living with parents,"26,000,000–35,000,000 VND",Chinese,2,5,1,5,5,2,2,4,2,1,1,2,5,3,1,4,5,3,6,2,1,3
246,promotion,Female,50–59,Bachelor’s degree,Student,Married,">46,000,000 VND",Chinese,3,4,1,2,5,1,4,3,3,1,1,4,2,5,5,5,4,3,6,2,3,4
247,promotion,Female,50–59,Postgraduate degree,Civil servant,Single,"36,000,000–45,000,000 VND",Chinese,2,2,3,1,4,2,5,4,1,5,1,4,5,4,2,3,4,3,2,1,2,3
248,promotion,Male,<20,Postgraduate degree,Office worker,Living with parents,"<15,000,000 VND",Chinese,4,3,3,5,4,3,3,5,1,3,3,1,3,5,3,5,4,4,3,,,
249,promotion,Male,50–59,Postgraduate degree,Blue-collar worker,Living with parents,"36,000,000–45,000,000 VND",Chinese,2,3,1,1,3,1,2,5,4,4,2,3,5,4,1,3,2,3,1,1,1,2
250,promotion,Female,20–29,High school,Office worker,Living with parents,">46,000,000 VND",Chinese,5,2,5,3,4,3,3,1,2,2,1,4,4,2,3,4,5,3,4,2,3,4
251,promotion,Male,20–29,Postgraduate degree,Civil servant,Married,"26,000,000–35,000,000 VND",Chinese,1,1,5,3,5,2,1,5,3,4,2,5,4,1,1,3,2,4,1,1,2,3
252,promotion,Male,>60,High school,Student,Living with parents,"36,000,000–45,000,000 VND",Chinese,5,2,1,3,2,4,2,2,4,4,1,1,5,1,4,3,4,5,2,1,1,3
253,promotion,Female,>60,High school,Student,Married,"26,000,000–35,000,000 VND",Chinese,2,3,1,4,5,3,3,1,2,2,3,1,4,1,1,3,4,2,5,1,2,3
254,promotion,Male,<20,Bachelor’s degree,Other,Divorced,"16,000,000–25,000,000 VND",Chinese,1,2,2,4,5,4,2,3,4,3,2,1,2,2,5,3,4,4,5,2,3,4
255,promotion,Male,>60,Postgraduate degree,Blue-collar worker,Married,"<15,000,000 VND",Chinese,2,5,5,5,2,4,2,5,2,4,5,5,1,3,4,3,4,2,5,,,
256,promotion,Female,20–29,High school,Managerial employee,Divorced,"26,000,000–35,000,000 VND",Chinese,1,2,5,2,1,3,3,4,4,4,2,4,3,4,3,3,4,3,5,2,3,4
257,promotion,Male,30–39,High school,Managerial employee,Living with parents,"26,000,000–35,000,000 VND",Chinese,2,3,3,5,3,1,1,5,3,4,2,1,1,4,3,3,4,3,5,1,2,3
258,promotion,Female,30–39,High school,Other,Single,"26,000,000–35,000,000 VND",Chinese,1,3,1,4,2,5,4,3,4,2,3,2,5,1,5,3,4,4,5,2,3,3
259,promotion,Female,30–39,Postgraduate degree,Managerial employee,Divorced,">46,000,000 VND",Chinese,3,3,4,1,3,2,1,1,2,3,4,5,3,1,3,3,4,3,5,1,2,3
260,promotion,Male,50–59,Bachelor’s degree,Student,Single,"16,000,000–25,000,000 VND",Chinese,3,3,5,3,5,5,5,5,5,1,1,1,1,2,2,3,4,5,6,1,2,3
261,promotion,Male,20–29,High school,Office worker,Single,"16,000,000–25,000,000 VND",Chinese,2,5,1,1,5,3,2,5,2,2,3,2,5,4,4,4,5,3,6,2,3,4
262,promotion,Female,<20,Postgraduate degree,Blue-collar worker,Married,"16,000,000–25,000,000 VND",Chinese,1,4,4,2,3,3,1,3,4,3,4,3,1,2,2,3,4,2,5,1,1,2
263,promotion,Female,50–59,Bachelor’s degree,Managerial employee,Living with parents,"26,000,000–35,000,000 VND",Chinese,2,5,1,5,2,4,5,3,2,1,4,2,1,2,2,3,4,5,2,1,2,4
264,promotion,Male,20–29,High school,Office worker,Single,"26,000,000–35,000,000 VND",Chinese,4,4,5,3,2,2,5,5,1,5,1,2,5,5,4,5,6,5,4,3,2,1
265,promotion,Male,50–59,Bachelor’s degree,Managerial employee,Living with parents,">46,000,000 VND",Chinese,1,1,4,3,1,5,1,5,4,1,2,2,1,4,4,3,4,5,4,2,3,4
266,promotion,Male,30–39,Postgraduate degree,Civil servant,Single,"16,000,000–25,000,000 VND",Chinese,3,3,1,3,3,3,5,4,1,1,4,2,5,2,5,4,5,3,6,1,2,3
267,promotion,Female,40–49,High school,Managerial employee,Living with parents,"26,000,000–35,000,000 VND",Chinese,3,4,3,3,5,4,4,3,3,2,5,4,1,5,2,4,5,4,3,2,1,3
268,promotion,Male,>60,Postgraduate degree,Blue-collar worker,Divorced,">46,000,000 VND",Chinese,5,2,2,4,1,4,4,5,5,2,3,2,2,4,5,3,4,5,2,1,2,4
269,promotion,Female,30–39,Postgraduate degree,Managerial employee,Divorced,"16,000,000–25,000,000 VND",Chinese,1,5,4,2,4,1,2,3,5,2,5,4,4,4,3,4,5,3,6,2,1,3
270,promotion,Male,50–59,Bachelor’s degree,Civil servant,Living with parents,"36,000,000–45,000,000 VND",Chinese,2,5,1,2,4,3,5,2,3,2,4,5,2,5,4,3,4,5,2,1,2,4
271,promotion,Male,30–39,Bachelor’s degree,Civil servant,Married,"<15,000,000 VND",Chinese,1,5,1,4,2,4,5,4,4,5,5,5,5,5,1,3,4,4,5,2,3,4
272,promotion,Male,<20,High school,Managerial employee,Single,"36,000,000–45,000,000 VND",Chinese,5,1,1,3,1,1,3,5,3,1,3,2,1,5,3,3,4,4,5,2,3,4
273,promotion,Male,50–59,Bachelor’s degree,Other,Single,"<15,000,000 VND",Chinese,5,3,3,4,1,2,3,2,4,2,5,2,3,2,3,3,4,2,3,1,2,3
274,promotion,Male,50–59,Bachelor’s degree,Student,Married,">46,000,000 VND",Chinese,4,3,3,3,5,4,5,1,5,5,2,3,2,5,5,4,5,3,4,2,3,4
275,promotion,Male,50–59,Postgraduate degree,Managerial employee,Living with parents,"36,000,000–45,000,000 VND",Chinese,1,1,2,1,3,5,5,4,4,1,3,5,4,2,5,3,4,3,5,2,1,3
276,promotion,Female,<20,High school,Blue-collar worker,Living with parents,">46,000,000 VND",Chinese,1,2,2,4,3,2,4,1,5,5,1,4,5,4,2,3,4,5,6,1,2,3
277,promotion,Female,50–59,Postgraduate degree,Civil servant,Divorced,"<15,000,000 VND",Chinese,2,1,3,1,1,1,2,3,4,5,1,4,2,2,5,2,3,4,3,1,2,3
278,promotion,Male,50–59,Bachelor’s degree,Civil servant,Single,"16,000,000–25,000,000 VND",Chinese,3,4,4,4,4,3,2,5,1,3,4,3,2,5,2,4,5,5,3,2,1,3
279,promotion,Male,20–29,Postgraduate degree,Student,Divorced,"26,000,000–35,000,000 VND",Chinese,4,2,1,2,2,4,5,1,1,2,1,3,2,5,2,3,4,3,5,1,2,3
280,promotion,Female,30–39,High school,Other,Living with parents,"16,000,000–25,000,000 VND",Chinese,1,2,4,1,1,2,4,1,2,4,4,4,5,3,4,3,4,2,5,1,2,3
281,promotion,Female,>60,Bachelor’s degree,Blue-collar worker,Single,"36,000,000–45,000,000 VND",Chinese,5,3,4,4,5,4,5,5,1,4,5,4,4,5,1,4,5,6,3,1,2,3
282,promotion,Female,<20,Bachelor’s degree,Blue-collar worker,Married,"26,000,000–35,000,000 VND",Chinese,4,3,2,1,1,2,2,4,4,1,2,5,5,2,5,3,4,2,5,1,2,3
283,promotion,Male,>60,Bachelor’s degree,Civil servant,Divorced,"<15,000,000 VND",Chinese,3,3,3,3,5,5,4,2,1,1,1,3,4,5,4,3,4,3,5,1,2,3
284,promotion,Male,40–49,Bachelor’s degree,Civil servant,Divorced,">46,000,000 VND",Chinese,5,1,4,3,3,3,1,1,1,4,2,5,3,1,4,3,4,5,4,2,1,3
285,promotion,Female,>60,High school,Office worker,Single,"36,000,000–45,000,000 VND",Chinese,4,5,3,4,2,5,4,4,1,2,5,4,5,3,5,4,5,3,2,1,1,3
286,promotion,Male,>60,Postgraduate degree,Civil servant,Single,"36,000,000–45,000,000 VND",Chinese,5,1,4,5,5,4,5,4,1,5,1,4,3,2,5,4,5,3,2,1,1,2
287,promotion,Female,20–29,High school,Other,Divorced,"<15,000,000 VND",Chinese,4,5,2,1,1,3,3,2,2,5,5,5,3,4,2,4,5,3,6,2,1,3
288,promotion,Male,30–39,Postgraduate degree,Student,Divorced,"36,000,000–45,000,000 VND",Chinese,2,3,5,1,2,5,3,5,2,2,4,4,5,4,1,3,4,2,5,1,2,3
289,promotion,Male,>60,High school,Blue-collar worker,Divorced,"36,000,000–45,000,000 VND",Chinese,1,3,5,3,1,3,4,1,5,2,2,1,2,2,3,3,4,3,4,1,2,3
290,promotion,Male,30–39,High school,Managerial employee,Single,"<15,000,000 VND",Chinese,3,1,1,2,1,1,3,4,4,5,4,1,5,2,1,3,4,3,5,1,2,3
291,promotion,Male,>60,Postgraduate degree,Managerial employee,Married,"26,000,000–35,000,000 VND",Chinese,5,4,4,4,5,5,4,3,3,4,1,1,3,5,2,5,6,5,4,3,2,1
292,promotion,Female,30–39,High school,Blue-collar worker,Married,"36,000,000–45,000,000 VND",Chinese,5,2,5,5,5,4,1,1,5,3,4,5,3,5,2,4,5,5,6,3,2,1
293,promotion,Male,20–29,Bachelor’s degree,Managerial employee,Divorced,"26,000,000–35,000,000 VND",Chinese,5,2,3,2,3,5,5,2,5,5,3,3,2,5,3,3,4,5,6,1,2,3
294,promotion,Female,50–59,Postgraduate degree,Other,Living with parents,">46,000,000 VND",Chinese,3,3,5,2,4,2,4,4,4,1,5,5,4,5,1,4,5,4,3,2,1,3
295,promotion,Female,20–29,High school,Office worker,Divorced,"<15,000,000 VND",Chinese,4,2,5,2,3,4,1,2,2,4,4,4,2,1,4,3,4,5,6,2,3,4
296,promotion,Female,>60,Bachelor’s degree,Managerial employee,Married,">46,000,000 VND",Chinese,3,3,5,3,3,5,3,4,1,3,2,3,3,5,3,4,5,4,3,2,3,4
297,promotion,Female,30–39,Bachelor’s degree,Student,Single,"36,000,000–45,000,000 VND",Chinese,1,3,2,3,4,4,3,2,5,3,5,1,3,2,3,3,4,3,5,1,2,3
298,promotion,Female,<20,Postgraduate degree,Office worker,Married,">46,000,000 VND",Chinese,5,5,4,2,2,1,1,5,2,4,1,5,2,1,2,4,5,3,4,1,2,3
299,promotion,Female,20–29,Postgraduate degree,Student,Married,"16,000,000–25,000,000 VND",Chinese,5,1,5,4,1,2,1,3,2,4,3,2,3,5,5,4,5,3,6,2,3,1
300,promotion,Male,>60,Postgraduate degree,Student,Living with parents,"26,000,000–35,000,000 VND",Chinese,4,3,4,4,3,1,2,1,1,5,4,4,1,4,5,3,4,2,5,1,2,3
301,promotion,Male,20–29,High school,Managerial employee,Married,"<15,000,000 VND",Chinese,3,1,3,2,2,1,1,4,5,2,1,1,2,5,5,3,4,5,6,2,3,4
302,promotion,Male,50–59,Postgraduate degree,Student,Divorced,">46,000,000 VND",Chinese,4,3,2,4,5,2,1,4,1,3,2,4,3,3,5,3,4,3,5,2,1,3
303,promotion,Female,40–49,Postgraduate degree,Student,Living with parents,"16,000,000–25,000,000 VND",Chinese,5,1,2,5,1,2,1,1,3,5,5,1,2,4,3,3,4,4,5,1,2,3
304,promotion,Female,40–49,Bachelor’s degree,Other,Living with parents,"26,000,000–35,000,000 VND",Chinese,5,1,3,2,3,4,3,3,3,4,4,2,1,2,3,3,4,5,6,2,4,6
305,promotion,Female,<20,Bachelor’s degree,Student,Married,"36,000,000–45,000,000 VND",Chinese,3,3,1,4,5,3,3,1,3,3,5,1,2,5,3,4,5,3,6,2,1,3
306,promotion,Female,40–49,High school,Blue-collar worker,Living with parents,">46,000,000 VND",Chinese,2,1,4,3,2,4,3,1,5,4,4,4,3,2,2,3,4,2,5,1,2,3
307,promotion,Female,40–49,Postgraduate degree,Other,Divorced,"26,000,000–35,000,000 VND",Chinese,2,3,2,1,3,4,4,2,3,5,5,2,1,3,4,3,2,2,4,1,1,2
308,promotion,Female,50–59,Bachelor’s degree,Student,Married,"36,000,000–45,000,000 VND",Chinese,1,2,5,4,1,1,1,2,3,2,3,1,5,4,1,3,4,2,5,1,2,3
309,promotion,Male,>60,Bachelor’s degree,Student,Divorced,"16,000,000–25,000,000 VND",Chinese,4,3,4,3,5,1,4,3,1,1,1,2,1,4,2,4,5,5,3,2,1,3
310,promotion,Female,50–59,High school,Blue-collar worker,Married,"<15,000,000 VND",Chinese,5,2,4,5,4,5,2,4,5,4,4,5,2,1,5,3,4,2,5,1,2,3
311,promotion,Female,40–49,Bachelor’s degree,Office worker,Married,">46,000,000 VND",Chinese,2,5,2,3,1,3,5,2,4,5,5,5,3,1,3,3,4,5,4,2,3,4
312,promotion,Female,30–39,High school,Blue-collar worker,Divorced,"36,000,000–45,000,000 VND",Chinese,1,3,2,3,1,2,2,3,1,1,3,5,5,5,5,3,4,3,5,2,1,3
313,promotion,Male,40–49,Bachelor’s degree,Blue-collar worker,Divorced,"16,000,000–25,000,000 VND",Chinese,3,5,2,5,4,1,2,2,3,2,4,1,5,5,5,4,5,3,6,2,1,3
314,promotion,Male,<20,Postgraduate degree,Civil servant,Married,"16,000,000–25,000,000 VND",Chinese,1,2,5,5,1,3,5,5,5,5,5,1,5,5,3,3,4,5,6,2,3,5
315,promotion,Female,<20,Bachelor’s degree,Managerial employee,Living with parents,"16,000,000–25,000,000 VND",Chinese,1,3,2,1,4,4,1,1,1,2,3,5,1,5,3,3,4,3,5,1,2,3
316,promotion,Female,20–29,Bachelor’s degree,Student,Divorced,">46,000,000 VND",Chinese,5,4,2,5,5,1,5,1,3,3,5,5,1,5,3,4,5,3,2,,,
317,promotion,Male,<20,Postgraduate degree,Office worker,Married,">46,000,000 VND",Chinese,1,4,3,5,2,2,5,5,3,4,2,4,1,1,2,4,5,5,3,2,3,3
318,promotion,Female,20–29,Bachelor’s degree,Student,Divorced,"16,000,000–25,000,000 VND",Chinese,3,1,1,3,1,2,3,4,3,1,1,4,1,4,4,4,5,3,4,2,1,3
319,promotion,Male,20–29,High school,Civil servant,Living with parents,">46,000,000 VND",Chinese,3,4,1,2,2,5,4,3,3,4,2,4,5,1,2,4,5,3,4,2,3,4
320,promotion,Male,30–39,High school,Student,Divorced,"26,000,000–35,000,000 VND",Chinese,5,1,1,5,2,1,3,1,5,2,3,3,1,4,5,3,4,4,5,1,2,3
321,promotion,Female,30–39,High school,Student,Divorced,"36,000,000–45,000,000 VND",Chinese,4,2,4,2,1,1,3,5,4,3,4,1,3,2,2,4,5,3,2,1,2,3
322,promotion,Female,50–59,Bachelor’s degree,Blue-collar worker,Single,"36,000,000–45,000,000 VND",Chinese,2,2,4,5,1,4,3,2,1,1,1,1,3,2,2,2,3,4,3,1,2,3
323,promotion,Female,50–59,Bachelor’s degree,Office worker,Married,"26,000,000–35,000,000 VND",Chinese,5,2,4,5,4,1,5,2,3,4,1,5,1,4,1,3,4,5,4,2,3,4
324,promotion,Male,50–59,Bachelor’s degree,Civil servant,Single,"<15,000,000 VND",Chinese,2,2,4,4,1,1,5,3,1,3,1,5,1,5,2,3,4,4,5,2,3,4
325,promotion,Female,50–59,Postgraduate degree,Blue-collar worker,Divorced,"<15,000,000 VND",Chinese,4,1,4,3,4,2,2,3,2,2,4,5,5,2,2,3,4,2,5,1,2,3
326,promotion,Female,20–29,Postgraduate degree,Managerial employee,Single,">46,000,000 VND",Chinese,3,5,3,4,5,3,5,2,3,2,1,5,3,1,4,5,6,5,4,3,2,1
327,promotion,Male,40–49,Bachelor’s degree,Blue-collar worker,Divorced,">46,000,000 VND",Chinese,2,5,1,2,4,5,4,2,1,2,5,3,5,5,4,4,5,6,5,3,2,1
328,promotion,Male,<20,High school,Blue-collar worker,Married,"16,000,000–25,000,000 VND",Chinese,3,1,1,5,1,2,5,2,3,2,1,2,4,4,2,3,4,2,5,1,2,3
329,promotion,Male,>60,Bachelor’s degree,Student,Married,"16,000,000–25,000,000 VND",Chinese,5,1,5,5,3,1,1,5,1,2,5,1,1,3,3,3,4,3,5,2,1,3
330,promotion,Male,<20,Postgraduate degree,Blue-collar worker,Living with parents,"26,000,000–35,000,000 VND",Chinese,3,2,5,4,2,4,5,1,2,1,1,4,2,3,2,3,4,2,5,1,2,3
331,promotion,Female,<20,Bachelor’s degree,Blue-collar worker,Single,"26,000,000–35,000,000 VND",Chinese,4,5,1,2,3,3,3,3,3,3,1,3,5,1,5,4,5,3,6,2,3,4
332,promotion,Female,>60,High school,Managerial employee,Living with parents,">46,000,000 VND",Chinese,3,1,3,5,5,4,3,4,4,2,4,1,2,3,2,3,4,2,5,1,2,3
333,promotion,Male,50–59,Postgraduate degree,Other,Living with parents,">46,000,000 VND",Chinese,5,3,2,3,2,4,2,4,2,3,3,3,5,1,1,3,4,2,5,1,1,2
334,promotion,Male,>60,Bachelor’s degree,Civil servant,Living with parents,"36,000,000–45,000,000 VND",Chinese,2,5,1,2,4,1,3,2,1,2,5,1,1,4,1,3,4,5,6,1,2,3
335,promotion,Male,30–39,Postgraduate degree,Other,Living with parents,"<15,000,000 VND",Chinese,4,2,4,2,4,4,3,4,4,2,5,3,2,1,2,3,2,4,3,,,
336,promotion,Female,50–59,Bachelor’s degree,Civil servant,Married,"26,000,000–35,000,000 VND",Chinese,5,5,4,5,4,1,1,3,5,1,3,4,5,4,5,5,6,5,4,3,2,4
337,promotion,Female,50–59,Bachelor’s degree,Blue-collar worker,Divorced,">46,000,000 VND",Chinese,2,5,2,4,1,2,4,1,1,4,5,5,2,4,5,3,4,3,5,1,2,3
338,promotion,Male,20–29,Postgraduate degree,Office worker,Married,"26,000,000–35,000,000 VND",Chinese,2,2,5,3,1,4,4,1,3,3,5,4,3,4,4,4,3,4,2,1,1,2
339,promotion,Male,<20,Postgraduate degree,Managerial employee,Divorced,"26,000,000–35,000,000 VND",Chinese,1,4,1,2,5,3,3,2,4,2,2,2,3,1,5,3,4,5,6,2,3,4
340,promotion,Male,20–29,Postgraduate degree,Office worker,Living with parents,"16,000,000–25,000,000 VND",Chinese,3,3,4,1,2,1,1,5,5,5,3,3,1,3,3,3,4,3,5,1,2,3
341,promotion,Male,>60,Bachelor’s degree,Office worker,Single,"<15,000,000 VND",Chinese,3,5,4,5,2,2,4,3,1,4,3,4,3,2,5,3,4,3,5,1,2,3
342,promotion,Male,40–49,Postgraduate degree,Blue-collar worker,Divorced,">46,000,000 VND",Chinese,4,1,1,4,3,5,1,2,5,2,3,1,2,2,4,3,2,2,1,,,
343,promotion,Male,>60,Bachelor’s degree,Student,Divorced,"<15,000,000 VND",Chinese,1,1,2,4,3,1,3,3,5,1,4,2,4,2,1,2,3,3,4,1,1,2
344,promotion,Male,30–39,Bachelor’s degree,Office worker,Married,"26,000,000–35,000,000 VND",Chinese,2,4,5,3,5,1,1,3,3,5,3,4,3,2,1,4,5,3,2,1,1,2
345,promotion,Female,50–59,Bachelor’s degree,Office worker,Divorced,"<15,000,000 VND",Chinese,4,5,2,5,1,1,3,3,1,5,5,2,1,2,5,4,5,3,2,1,2,3
346,promotion,Male,<20,Bachelor’s degree,Blue-collar worker,Married,"<15,000,000 VND",Chinese,5,4,5,5,1,4,1,1,2,4,2,2,5,5,3,4,5,4,3,2,1,3
347,promotion,Female,30–39,High school,Blue-collar worker,Married,">46,000,000 VND",Chinese,5,2,5,3,4,5,2,3,3,4,2,2,2,2,3,3,4,5,2,,,
348,promotion,Male,40–49,Postgraduate degree,Civil servant,Married,"36,000,000–45,000,000 VND",Chinese,4,1,3,1,4,5,3,3,1,5,5,1,1,4,5,3,4,5,4,1,2,3
349,promotion,Male,40–49,High school,Office worker,Divorced,"36,000,000–45,000,000 VND",Chinese,5,5,2,1,3,1,1,1,4,4,4,5,1,1,3,3,4,2,5,1,2,3
350,promotion,Female,<20,High school,Student,Married,"<15,000,000 VND",Chinese,4,1,2,5,5,2,3,2,4,3,1,1,1,1,1,4,3,3,2,1,1,2
351,promotion,Female,30–39,Bachelor’s degree,Civil servant,Divorced,"<15,000,000 VND",Chinese,3,5,1,4,5,4,5,2,1,3,5,1,4,1,5,5,6,5,4,3,2,4
352,promotion,Male,<20,Postgraduate degree,Other,Divorced,"36,000,000–45,000,000 VND",Chinese,1,1,3,1,3,1,4,4,2,4,2,1,4,5,2,3,4,3,5,2,2,3
353,promotion,Male,40–49,Postgraduate degree,Civil servant,Living with parents,"36,000,000–45,000,000 VND",Chinese,3,3,2,1,3,4,3,5,2,1,4,3,4,3,1,3,4,2,3,1,2,3
354,promotion,Male,<20,Bachelor’s degree,Office worker,Married,"16,000,000–25,000,000 VND",Chinese,1,1,4,2,3,3,4,4,4,4,1,4,2,5,5,3,4,3,5,2,3,4
355,promotion,Male,>60,Postgraduate degree,Other,Living with parents,"<15,000,000 VND",Chinese,2,5,5,4,2,3,2,3,3,3,3,2,3,5,4,3,4,5,4,,,
356,promotion,Female,20–29,High school,Managerial employee,Divorced,"<15,000,000 VND",Chinese,4,1,2,2,1,3,3,1,3,5,4,1,3,4,5,3,4,2,5,1,1,2
357,promotion,Female,30–39,Postgraduate degree,Office worker,Divorced,">46,000,000 VND",Chinese,2,4,4,1,5,5,3,3,4,3,2,5,5,3,4,4,5,3,6,2,1,3
358,promotion,Male,>60,High school,Student,Divorced,">46,000,000 VND",Chinese,1,2,4,3,3,1,2,2,1,2,3,4,3,3,5,3,4,2,5,1,1,2
359,promotion,Female,40–49,Postgraduate degree,Managerial employee,Divorced,"16,000,000–25,000,000 VND",Chinese,4,5,1,1,1,5,1,4,5,4,2,5,5,4,5,3,4,5,2,,,
360,promotion,Female,>60,Postgraduate degree,Civil servant,Living with parents,"<15,000,000 VND",Chinese,1,1,1,3,5,2,2,1,3,1,5,3,5,3,4,3,4,2,5,1,2,3
361,promotion,Female,30–39,Bachelor’s degree,Other,Living with parents,"16,000,000–25,000,000 VND",Chinese,2,1,3,5,3,1,3,1,2,4,2,1,3,3,4,3,4,3,5,2,1,3
362,promotion,Female,20–29,High school,Office worker,Living with parents,"<15,000,000 VND",Chinese,2,2,2,3,3,2,3,5,1,3,4,3,1,3,3,3,4,3,5,2,1,3
363,promotion,Male,30–39,Postgraduate degree,Blue-collar worker,Married,"<15,000,000 VND",Chinese,4,2,5,3,3,5,4,1,3,4,2,4,2,1,5,4,5,3,6,1,2,3
364,promotion,Female,<20,Bachelor’s degree,Other,Married,">46,000,000 VND",Chinese,3,1,4,3,4,3,3,1,1,4,3,1,3,2,4,4,5,3,6,2,1,3
365,promotion,Male,<20,Postgraduate degree,Managerial employee,Married,"36,000,000–45,000,000 VND",Chinese,5,3,5,5,4,2,4,1,1,4,4,3,3,1,2,5,4,3,4,2,2,3
366,promotion,Male,30–39,Postgraduate degree,Other,Divorced,"<15,000,000 VND",Chinese,5,4,2,5,3,3,5,4,4,3,1,1,1,3,4,4,5,3,6,1,2,3
367,promotion,Male,>60,Bachelor’s degree,Managerial employee,Living with parents,"<15,000,000 VND",Chinese,1,3,4,3,5,5,3,1,4,2,1,3,2,4,3,3,4,3,5,1,2,3
368,promotion,Male,50–59,High school,Managerial employee,Single,"16,000,000–25,000,000 VND",Chinese,3,4,5,3,3,2,4,5,3,3,5,2,1,1,4,4,5,3,6,2,3,1
369,promotion,Male,40–49,High school,Civil servant,Divorced,"16,000,000–25,000,000 VND",Chinese,4,3,1,2,1,4,2,5,2,1,4,1,3,4,3,3,4,5,6,2,3,4
370,promotion,Female,40–49,Bachelor’s degree,Student,Divorced,"16,000,000–25,000,000 VND",Chinese,5,2,4,5,2,4,1,5,4,1,4,4,2,1,5,3,4,5,2,1,2,3
371,promotion,Female,30–39,Bachelor’s degree,Student,Single,"<15,000,000 VND",Chinese,1,4,2,5,5,2,3,1,3,3,1,3,5,4,2,3,4,4,5,2,3,4
372,promotion,Female,50–59,Postgraduate degree,Managerial employee,Married,"<15,000,000 VND",Chinese,2,3,1,5,2,4,5,4,3,3,2,3,3,5,4,3,4,4,5,,,
373,promotion,Female,50–59,Bachelor’s degree,Managerial employee,Divorced,"<15,000,000 VND",Chinese,3,1,2,3,4,4,3,4,2,3,3,5,5,4,4,4,5,4,3,2,3,4
374,promotion,Male,30–39,High school,Other,Living with parents,">46,000,000 VND",Chinese,5,5,3,2,3,1,2,5,2,1,2,5,2,5,1,4,5,3,6,1,2,3
375,promotion,Female,<20,High school,Student,Single,">46,000,000 VND",Chinese,3,1,5,2,1,4,1,2,1,1,3,4,2,3,5,3,4,2,5,1,2,3
376,promotion,Female,<20,Postgraduate degree,Civil servant,Living with parents,">46,000,000 VND",Chinese,1,3,3,5,4,5,2,2,2,1,2,2,5,2,1,4,3,2,5,1,2,3
377,promotion,Female,<20,High school,Office worker,Married,"<15,000,000 VND",Chinese,1,5,1,3,3,4,3,3,1,3,5,2,2,3,5,4,5,4,3,2,1,3
378,promotion,Female,30–39,High school,Office worker,Living with parents,"16,000,000–25,000,000 VND",Chinese,3,5,5,1,5,4,5,1,3,1,4,4,4,2,5,5,6,5,4,2,3,4
379,promotion,Male,50–59,Bachelor’s degree,Managerial employee,Married,"26,000,000–35,000,000 VND",Chinese,2,4,3,4,5,3,4,4,2,1,4,3,1,1,1,4,5,6,3,2,1,3
380,promotion,Female,30–39,Bachelor’s degree,Other,Living with parents,"<15,000,000 VND",Chinese,2,3,3,3,4,2,1,5,3,4,4,2,1,1,4,4,5,4,3,,,
381,promotion,Female,40–49,Postgraduate degree,Civil servant,Single,"<15,000,000 VND",Chinese,1,5,2,4,4,5,3,5,1,3,2,1,3,2,5,4,5,4,3,,,
382,promotion,Male,50–59,High school,Civil servant,Divorced,"26,000,000–35,000,000 VND",Chinese,3,3,2,4,5,5,5,5,2,4,4,5,5,2,5,3,4,4,5,2,3,4
383,promotion,Female,30–39,Postgraduate degree,Other,Single,"16,000,000–25,000,000 VND",Chinese,4,4,4,3,1,1,3,1,4,3,5,4,5,2,1,3,4,3,5,1,2,3
384,promotion,Female,<20,High school,Office worker,Divorced,"16,000,000–25,000,000 VND",Chinese,3,4,3,4,2,5,4,3,4,3,4,1,1,4,1,5,6,5,4,3,2,4
385,promotion,Male,20–29,High school,Civil servant,Living with parents,"16,000,000–25,000,000 VND",Chinese,5,3,5,2,2,4,1,1,2,3,2,4,5,2,4,5,4,3,2,1,1,2
386,promotion,Male,<20,Bachelor’s degree,Student,Living with parents,"36,000,000–45,000,000 VND",Chinese,5,3,5,5,3,4,5,3,3,2,3,4,3,2,1,4,5,3,4,2,1,3
387,promotion,Female,<20,Bachelor’s degree,Civil servant,Single,"16,000,000–25,000,000 VND",Chinese,5,2,2,2,1,4,4,4,5,5,2,3,1,4,4,3,4,4,5,2,3,4
388,promotion,Male,50–59,Bachelor’s degree,Civil servant,Single,"<15,000,000 VND",Chinese,3,4,3,4,5,3,1,3,5,5,5,5,4,3,3,4,5,4,3,2,1,3
389,promotion,Female,30–39,Postgraduate degree,Student,Divorced,"26,000,000–35,000,000 VND",Chinese,1,2,3,1,1,1,2,3,5,1,2,1,1,5,2,3,4,2,5,1,2,3
390,promotion,Male,30–39,Bachelor’s degree,Blue-collar worker,Married,"<15,000,000 VND",Chinese,2,4,2,4,3,3,2,4,3,2,2,5,2,4,2,3,4,4,5,2,3,4
391,promotion,Male,20–29,Postgraduate degree,Managerial employee,Single,">46,000,000 VND",Chinese,1,5,3,4,1,4,1,3,4,1,4,4,3,3,1,4,5,3,4,,,
392,promotion,Female,>60,Bachelor’s degree,Other,Divorced,"36,000,000–45,000,000 VND",Chinese,5,1,1,1,5,3,5,5,1,1,4,3,5,2,1,3,4,3,5,2,3,4
393,promotion,Female,<20,Postgraduate degree,Student,Divorced,"36,000,000–45,000,000 VND",Chinese,1,4,2,1,1,2,5,3,2,5,2,4,2,1,2,3,4,2,5,1,2,3
394,promotion,Female,<20,Postgraduate degree,Office worker,Married,"<15,000,000 VND",Chinese,5,5,5,3,1,5,4,1,3,5,5,4,5,3,1,5,6,4,3,2,1,3
395,promotion,Female,>60,High school,Student,Divorced,"16,000,000–25,000,000 VND",Chinese,4,2,4,1,2,2,1,3,3,1,5,5,2,5,4,2,3,4,5,1,2,3
396,promotion,Male,>60,Postgraduate degree,Student,Living with parents,"<15,000,000 VND",Chinese,1,4,3,3,5,4,5,4,1,4,3,1,1,3,4,3,4,5,4,2,3,4
397,promotion,Male,40–49,High school,Managerial employee,Married,"<15,000,000 VND",Chinese,2,5,5,2,3,3,3,2,3,1,2,2,4,3,3,4,5,3,6,2,1,3
398,promotion,Male,50–59,Postgraduate degree,Student,Single,"26,000,000–35,000,000 VND",Chinese,4,4,2,3,4,2,4,1,4,4,3,3,5,1,2,4,5,3,4,1,2,3
399,promotion,Female,<20,High school,Office worker,Living with parents,"<15,000,000 VND",Chinese,4,2,5,4,1,2,4,5,2,4,5,3,5,1,3,4,5,3,2,1,2,3
400,promotion,Male,30–39,Bachelor’s degree,Managerial employee,Living with parents,"<15,000,000 VND",Chinese,1,4,4,1,3,3,3,2,2,4,1,1,5,2,1,3,4,3,5,1,2,3
401,promotion,Male,30–39,High school,Other,Living with parents,"<15,000,000 VND",Chinese,3,2,3,1,5,1,4,5,3,5,4,1,5,4,5,3,4,5,6,,,
402,promotion,Female,>60,Bachelor’s degree,Other,Living with parents,"26,000,000–35,000,000 VND",Chinese,1,3,4,3,4,4,3,3,2,5,3,5,3,2,2,4,5,3,2,1,1,2
403,promotion,Male,20–29,Postgraduate degree,Student,Divorced,"36,000,000–45,000,000 VND",Chinese,1,1,3,4,1,4,5,3,4,5,1,4,3,4,3,4,5,3,2,1,2,3
404,promotion,Female,50–59,High school,Other,Divorced,">46,000,000 VND",Chinese,3,2,3,2,2,2,2,5,2,3,2,1,3,1,2,3,2,4,3,1,2,3
405,promotion,Male,30–39,Postgraduate degree,Blue-collar worker,Married,"36,000,000–45,000,000 VND",Chinese,1,3,4,5,1,5,1,2,2,2,5,4,4,3,4,3,4,5,6,2,3,4
406,promotion,Male,>60,Postgraduate degree,Student,Living with parents,"36,000,000–45,000,000 VND",Chinese,2,5,3,5,4,1,5,3,4,1,5,1,5,2,5,3,4,5,6,2,1,3
407,promotion,Female,>60,Postgraduate degree,Office worker,Divorced,">46,000,000 VND",Chinese,1,3,1,1,2,5,1,3,5,1,1,5,4,1,1,3,2,4,1,1,1,2
408,promotion,Female,20–29,Bachelor’s degree,Student,Living with parents,">46,000,000 VND",Chinese,3,2,3,2,5,5,4,2,3,4,3,5,5,2,3,4,5,3,4,2,1,3
409,promotion,Female,>60,High school,Other,Married,"<15,000,000 VND",Chinese,4,2,4,4,4,4,3,5,4,3,3,1,2,5,5,3,4,5,4,2,3,4
410,promotion,Female,<20,High school,Student,Living with parents,"<15,000,000 VND",Chinese,4,3,1,4,1,5,4,2,5,3,4,3,3,3,1,3,4,3,5,,,
411,promotion,Female,40–49,Postgraduate degree,Student,Living with parents,"<15,000,000 VND",Chinese,2,3,2,1,1,4,1,4,2,2,5,4,3,5,3,3,4,5,2,1,2,4
412,promotion,Female,30–39,Bachelor’s degree,Other,Single,"16,000,000–25,000,000 VND",Chinese,1,4,4,2,4,4,1,1,2,2,4,1,3,3,4,5,6,5,4,3,2,1
413,promotion,Male,30–39,Postgraduate degree,Student,Single,"16,000,000–25,000,000 VND",Chinese,5,2,1,1,3,4,1,4,2,1,3,5,2,3,1,3,4,3,2,1,1,2
414,promotion,Female,50–59,Bachelor’s degree,Office worker,Living with parents,">46,000,000 VND",Chinese,1,1,3,5,2,4,1,2,1,4,1,4,1,5,5,2,3,4,3,1,1,2
415,promotion,Male,40–49,Postgraduate degree,Office worker,Married,"16,000,000–25,000,000 VND",Chinese,3,2,2,1,2,2,3,3,4,1,4,3,1,3,4,3,4,5,4,2,1,3
416,promotion,Male,>60,Bachelor’s degree,Managerial employee,Divorced,"36,000,000–45,000,000 VND",Chinese,2,5,5,5,2,2,1,2,2,2,5,2,3,1,4,3,4,5,4,2,1,3
417,promotion,Male,<20,Postgraduate degree,Blue-collar worker,Living with parents,"26,000,000–35,000,000 VND",Chinese,5,4,5,3,4,2,4,4,4,4,4,3,1,3,4,4,5,3,6,2,1,3
418,promotion,Male,50–59,Bachelor’s degree,Civil servant,Living with parents,"16,000,000–25,000,000 VND",Chinese,4,3,5,3,4,4,2,5,3,4,3,1,2,3,1,5,4,3,2,1,2,3
419,promotion,Female,>60,Postgraduate degree,Office worker,Married,"36,000,000–45,000,000 VND",Chinese,1,5,4,2,3,4,3,2,2,2,3,5,3,5,2,4,5,4,3,2,3,3
420,promotion,Male,<20,High school,Blue-collar worker,Living with parents,"36,000,000–45,000,000 VND",Chinese,2,3,2,4,5,1,5,2,2,4,4,1,1,3,4,3,4,3,5,2,1,3
421,promotion,Female,40–49,Bachelor’s degree,Civil servant,Living with parents,"26,000,000–35,000,000 VND",Chinese,2,4,3,5,4,2,2,3,3,2,1,5,5,4,4,4,5,4,3,2,1,3
422,promotion,Female,20–29,Postgraduate degree,Managerial employee,Divorced,"<15,000,000 VND",Chinese,4,1,5,4,4,3,1,5,1,5,1,3,5,2,5,4,5,3,6,2,1,3
423,promotion,Female,<20,Bachelor’s degree,Managerial employee,Married,">46,000,000 VND",Chinese,1,1,4,1,3,4,5,4,1,1,2,3,2,5,1,3,4,5,4,2,3,4
424,promotion,Female,<20,Postgraduate degree,Other,Living with parents,"16,000,000–25,000,000 VND",Chinese,2,1,5,2,2,3,3,1,1,3,2,3,2,4,2,2,3,3,4,1,2,3
425,promotion,Male,<20,Postgraduate degree,Blue-collar worker,Single,"<15,000,000 VND",Chinese,5,5,4,4,4,3,2,4,3,2,1,1,3,5,5,5,6,4,5,3,2,4
426,promotion,Male,30–39,Bachelor’s degree,Student,Divorced,"26,000,000–35,000,000 VND",Chinese,1,1,5,1,4,3,5,3,4,2,1,4,1,3,3,3,4,5,2,1,2,4
427,promotion,Female,<20,High school,Student,Living with parents,"26,000,000–35,000,000 VND",Chinese,5,2,5,5,2,3,1,2,1,4,5,4,4,1,3,3,4,2,5,1,1,2
428,promotion,Female,20–29,Postgraduate degree,Blue-collar worker,Single,"36,000,000–45,000,000 VND",Chinese,4,5,1,2,3,1,4,1,3,1,5,2,1,3,1,3,4,5,6,1,2,3
429,promotion,Male,<20,Bachelor’s degree,Blue-collar worker,Married,"36,000,000–45,000,000 VND",Chinese,4,1,3,2,3,2,3,5,1,5,4,1,1,4,2,3,4,2,3,1,2,3
430,promotion,Male,30–39,High school,Blue-collar worker,Divorced,"36,000,000–45,000,000 VND",Chinese,3,2,5,4,3,1,2,5,3,5,5,4,4,4,2,3,4,3,5,2,1,3
431,promotion,Female,50–59,Postgraduate degree,Student,Divorced,"<15,000,000 VND",Chinese,2,2,4,2,3,2,4,5,3,1,2,4,5,5,5,3,4,2,5,1,2,3
432,promotion,Male,30–39,Postgraduate degree,Managerial employee,Living with parents,"16,000,000–25,000,000 VND",Chinese,5,4,1,3,5,3,3,3,2,2,4,4,2,2,3,4,5,3,6,1,2,3
433,promotion,Male,40–49,High school,Office worker,Married,"26,000,000–35,000,000 VND",Chinese,4,2,3,5,2,4,1,5,5,1,1,4,3,2,2,4,5,3,2,1,2,3
434,promotion,Female,30–39,Bachelor’s degree,Office worker,Married,"<15,000,000 VND",Chinese,2,2,3,5,2,5,4,5,1,4,3,2,3,5,3,3,4,3,4,2,2,3
435,promotion,Female,>60,Postgraduate degree,Blue-collar worker,Married,"26,000,000–35,000,000 VND",Chinese,1,3,3,5,5,5,4,4,4,3,2,5,5,4,2,3,4,3,5,2,3,4
436,promotion,Male,20–29,Bachelor’s degree,Civil servant,Divorced,">46,000,000 VND",Chinese,3,4,4,5,5,3,5,2,4,5,5,5,4,5,3,4,5,3,4,2,3,4
437,promotion,Male,20–29,Postgraduate degree,Other,Single,"26,000,000–35,000,000 VND",Chinese,1,4,4,4,1,2,2,3,1,3,4,1,4,5,5,4,5,3,4,2,1,3
438,promotion,Female,30–39,Postgraduate degree,Student,Married,"26,000,000–35,000,000 VND",Chinese,2,3,2,2,2,3,4,1,5,5,5,1,5,2,2,3,4,4,5,1,2,3
439,promotion,Female,20–29,Bachelor’s degree,Office worker,Single,"36,000,000–45,000,000 VND",Chinese,4,2,5,4,4,3,5,1,2,1,1,3,4,4,3,4,5,4,3,2,1,3
440,promotion,Female,>60,Postgraduate degree,Managerial employee,Divorced,"<15,000,000 VND",Chinese,4,4,3,4,2,5,2,1,3,3,5,3,3,3,1,3,4,5,4,1,2,3
441,promotion,Male,50–59,High school,Office worker,Married,"16,000,000–25,000,000 VND",Chinese,4,3,4,5,3,2,2,1,2,1,4,5,3,1,3,3,4,2,5,1,1,3
442,promotion,Female,>60,Bachelor’s degree,Managerial employee,Divorced,"36,000,000–45,000,000 VND",Chinese,2,2,2,2,5,5,3,2,3,5,5,4,4,4,4,3,2,2,4,1,2,3
443,promotion,Female,30–39,Postgraduate degree,Student,Married,"<15,000,000 VND",Chinese,4,1,1,2,5,5,4,4,4,2,3,5,5,3,1,3,4,3,5,1,2,3
444,promotion,Male,>60,Postgraduate degree,Student,Living with parents,">46,000,000 VND",Chinese,2,4,5,5,4,1,2,2,3,4,5,4,3,4,5,3,4,3,5,,,
445,promotion,Male,<20,Bachelor’s degree,Blue-collar worker,Married,"36,000,000–45,000,000 VND",Chinese,3,4,5,5,2,1,1,3,5,3,2,4,5,2,2,4,5,3,2,1,1,2
446,promotion,Male,<20,Postgraduate degree,Managerial employee,Single,"16,000,000–25,000,000 VND",Chinese,4,5,3,1,1,4,5,5,3,3,1,5,4,2,1,3,4,5,6,1,2,3
447,promotion,Female,40–49,Postgraduate degree,Student,Divorced,"16,000,000–25,000,000 VND",Chinese,5,3,3,4,5,1,3,5,1,5,4,1,5,1,5,5,4,3,6,2,1,3
448,promotion,Male,30–39,Postgraduate degree,Civil servant,Divorced,"26,000,000–35,000,000 VND",Chinese,5,2,4,3,1,2,4,1,4,5,1,5,2,5,2,4,3,3,2,1,1,2
449,promotion,Male,40–49,High school,Other,Single,"16,000,000–25,000,000 VND",Chinese,1,1,4,1,5,1,1,4,3,3,4,1,4,3,5,3,4,3,5,2,2,3
450,promotion,Male,50–59,Bachelor’s degree,Managerial employee,Living with parents,"<15,000,000 VND",Chinese,3,4,2,2,2,1,4,3,2,3,5,3,4,5,4,3,4,4,5,2,3,4
451,promotion,Male,20–29,Bachelor’s degree,Office worker,Divorced,"<15,000,000 VND",Chinese,5,3,2,2,3,5,5,3,1,4,3,5,1,2,1,4,5,3,6,2,1,3
452,promotion,Female,30–39,Postgraduate degree,Office worker,Married,"16,000,000–25,000,000 VND",Chinese,1,2,4,1,1,1,2,4,2,1,3,3,1,4,3,3,4,5,6,1,2,3
453,promotion,Female,<20,High school,Office worker,Single,"<15,000,000 VND",Chinese,2,1,1,3,3,1,2,3,1,2,2,2,2,1,3,3,2,2,1,1,1,2
454,promotion,Female,20–29,Postgraduate degree,Blue-collar worker,Single,"26,000,000–35,000,000 VND",Chinese,5,2,2,5,3,2,5,4,1,3,3,3,5,3,4,4,3,3,5,2,1,3
455,promotion,Male,30–39,Bachelor’s degree,Civil servant,Living with parents,"26,000,000–35,000,000 VND",Chinese,2,4,2,1,3,4,4,1,4,2,5,5,1,1,5,4,5,6,3,2,1,3
456,promotion,Male,40–49,Postgraduate degree,Office worker,Divorced,"16,000,000–25,000,000 VND",Chinese,3,5,4,5,1,4,2,3,3,2,2,1,3,5,2,4,5,4,3,2,3,4
457,promotion,Male,30–39,High school,Student,Divorced,"26,000,000–35,000,000 VND",Chinese,3,3,4,1,1,2,1,5,4,4,2,3,2,4,1,3,4,3,5,2,2,3
458,promotion,Female,50–59,High school,Other,Single,"26,000,000–35,000,000 VND",Chinese,4,1,1,4,3,4,4,3,1,1,2,1,1,1,1,3,2,3,1,1,1,2
459,promotion,Male,20–29,Bachelor’s degree,Managerial employee,Living with parents,"36,000,000–45,000,000 VND",Chinese,5,3,2,5,5,3,1,1,1,2,3,2,2,5,5,5,4,3,4,2,1,3
460,promotion,Female,50–59,Postgraduate degree,Student,Divorced,">46,000,000 VND",Chinese,1,1,1,2,5,1,1,1,4,2,3,2,4,3,4,3,2,3,4,1,1,2
462,promotion,Male,>60,High school,Civil servant,Single,"26,000,000–35,000,000 VND",Chinese,1,2,2,2,2,4,5,4,4,3,1,1,1,2,5,3,4,5,2,1,1,2
463,promotion,Female,>60,High school,Student,Living with parents,">46,000,000 VND",Chinese,5,4,3,2,4,3,2,2,4,5,4,5,5,1,1,3,4,2,5,1,2,3
464,promotion,Female,50–59,Bachelor’s degree,Managerial employee,Single,"36,000,000–45,000,000 VND",Chinese,5,3,2,5,5,4,2,1,4,1,5,5,4,4,4,4,5,3,6,2,3,5
465,promotion,Male,<20,Postgraduate degree,Civil servant,Divorced,">46,000,000 VND",Chinese,3,5,4,1,5,2,5,3,5,4,1,4,4,3,2,5,6,6,4,3,2,4
466,promotion,Female,40–49,Bachelor’s degree,Other,Living with parents,">46,000,000 VND",Chinese,3,1,1,1,3,1,1,1,1,1,1,3,3,1,3,3,2,2,1,1,1,2
467,promotion,Male,20–29,High school,Office worker,Living with parents,">46,000,000 VND",Chinese,3,3,3,4,2,2,1,1,2,4,2,3,3,2,4,3,4,4,5,2,3,4
468,promotion,Male,50–59,Bachelor’s degree,Blue-collar worker,Single,">46,000,000 VND",Chinese,5,4,2,4,3,2,3,4,5,1,2,1,3,3,1,4,5,3,6,2,1,3
469,promotion,Female,>60,Bachelor’s degree,Civil servant,Divorced,">46,000,000 VND",Chinese,4,4,2,4,2,4,1,3,4,2,3,3,4,2,3,4,5,3,2,,,
470,promotion,Male,30–39,High school,Other,Living with parents,"16,000,000–25,000,000 VND",Chinese,1,5,1,4,3,3,5,4,1,1,1,2,5,1,5,4,5,4,3,2,3,4
471,promotion,Male,50–59,Postgraduate degree,Civil servant,Single,"16,000,000–25,000,000 VND",Chinese,4,3,1,3,1,5,3,1,3,3,4,5,3,1,2,4,3,2,3,1,2,3
472,promotion,Male,<20,High school,Office worker,Single,"36,000,000–45,000,000 VND",Chinese,4,4,3,2,2,2,3,4,5,1,1,1,1,2,4,4,5,3,4,2,3,3
473,promotion,Male,20–29,High school,Civil servant,Married,"26,000,000–35,000,000 VND",Chinese,2,1,5,5,1,1,3,1,4,3,4,1,2,3,3,3,4,5,6,2,1,3
474,promotion,Male,30–39,Bachelor’s degree,Blue-collar worker,Living with parents,">46,000,000 VND",Chinese,3,2,1,1,3,2,5,4,3,1,4,1,4,4,4,4,5,4,3,2,1,3
475,promotion,Male,<20,High school,Student,Living with parents,"<15,000,000 VND",Chinese,5,5,4,2,4,3,5,1,1,1,2,4,3,3,5,5,6,4,3,,,
476,promotion,Female,>60,Bachelor’s degree,Civil servant,Divorced,"26,000,000–35,000,000 VND",Chinese,3,1,2,4,2,2,3,2,1,1,4,4,3,2,2,3,2,4,1,1,2,3
477,promotion,Male,30–39,High school,Blue-collar worker,Divorced,">46,000,000 VND",Chinese,1,1,4,5,5,1,4,5,5,4,1,3,3,1,2,3,4,3,2,1,2,3
478,promotion,Female,40–49,Postgraduate degree,Managerial employee,Married,"16,000,000–25,000,000 VND",Chinese,1,5,1,3,3,5,3,4,5,5,5,4,5,4,2,3,4,4,5,2,3,3
479,promotion,Female,30–39,Bachelor’s degree,Civil servant,Single,"16,000,000–25,000,000 VND",Chinese,5,1,1,5,1,1,4,1,2,1,4,2,5,1,5,4,3,4,5,2,1,3
480,promotion,Female,20–29,Bachelor’s degree,Other,Married,"16,000,000–25,000,000 VND",Chinese,3,4,5,5,5,5,2,5,2,3,5,4,4,3,2,4,5,4,3,2,3,3
481,promotion,Female,20–29,Postgraduate degree,Office worker,Single,">46,000,000 VND",Chinese,4,5,1,4,5,4,4,2,1,3,5,4,1,2,5,4,5,3,6,2,1,3
482,promotion,Female,30–39,Postgraduate degree,Blue-collar worker,Married,"36,000,000–45,000,000 VND",Chinese,4,2,5,1,2,2,4,4,5,3,1,4,1,4,5,5,4,3,6,2,1,3
483,promotion,Male,40–49,High school,Other,Married,"36,000,000–45,000,000 VND",Chinese,4,1,3,5,3,5,5,3,3,1,2,2,5,4,2,4,5,3,6,2,1,4
484,promotion,Male,<20,High school,Student,Single,"<15,000,000 VND",Chinese,5,1,1,3,4,2,4,2,3,2,4,3,3,5,4,4,5,3,6,2,3,1
485,promotion,Male,<20,Postgraduate degree,Office worker,Married,"36,000,000–45,000,000 VND",Chinese,2,2,4,5,2,3,1,5,5,4,1,3,1,5,3,3,4,2,5,1,2,3
486,promotion,Male,20–29,Bachelor’s degree,Blue-collar worker,Living with parents,"16,000,000–25,000,000 VND",Chinese,1,5,5,5,4,2,4,3,5,2,4,5,5,5,5,5,6,4,3,2,1,3
487,promotion,Male,20–29,Postgraduate degree,Student,Divorced,"36,000,000–45,000,000 VND",Chinese,2,4,3,3,3,3,2,4,3,1,5,2,4,5,1,3,4,3,5,2,1,3
488,promotion,Male,20–29,Postgraduate degree,Blue-collar worker,Living with parents,">46,000,000 VND",Chinese,5,4,5,1,3,5,3,1,2,2,1,2,4,3,3,3,4,2,5,1,2,3
489,promotion,Male,20–29,High school,Office worker,Single,">46,000,000 VND",Chinese,4,1,2,3,4,1,4,3,5,5,2,5,4,5,2,4,5,3,6,2,1,3
490,promotion,Female,<20,Bachelor’s degree,Blue-collar worker,Married,">46,000,000 VND",Chinese,3,3,3,4,2,3,1,3,1,5,3,4,1,3,5,3,4,4,5,1,2,3
491,promotion,Male,50–59,High school,Office worker,Living with parents,"36,000,000–45,000,000 VND",Chinese,2,5,5,1,4,5,2,3,5,3,1,1,1,1,1,3,4,3,5,2,3,4
492,promotion,Female,30–39,Bachelor’s degree,Civil servant,Living with parents,"<15,000,000 VND",Chinese,4,5,5,2,4,3,4,2,4,1,3,3,4,3,2,5,6,5,4,3,2,1
493,promotion,Male,>60,Bachelor’s degree,Managerial employee,Divorced,"<15,000,000 VND",Chinese,3,5,5,3,2,1,5,2,1,1,1,5,3,5,1,3,4,3,5,1,2,3
494,promotion,Male,30–39,Postgraduate degree,Office worker,Living with parents,"16,000,000–25,000,000 VND",Chinese,1,5,4,3,2,5,1,3,2,5,5,2,5,5,2,4,5,3,6,1,2,3
495,promotion,Female,>60,High school,Blue-collar worker,Married,"<15,000,000 VND",Chinese,1,1,2,5,3,1,2,1,5,2,2,5,3,4,4,3,4,2,3,1,2,3
496,promotion,Male,20–29,Postgraduate degree,Student,Single,">46,000,000 VND",Chinese,3,3,4,3,4,4,2,1,1,5,4,4,1,2,5,4,5,3,6,2,1,3
497,promotion,Male,50–59,High school,Civil servant,Living with parents,">46,000,000 VND",Chinese,1,4,2,2,3,4,5,2,5,4,3,2,2,5,1,3,4,5,4,2,3,4
498,promotion,Female,50–59,Bachelor’s degree,Civil servant,Married,"16,000,000–25,000,000 VND",Chinese,1,3,5,3,5,1,1,5,3,4,4,5,1,2,1,3,4,3,5,2,3,4
499,promotion,Male,40–49,High school,Civil servant,Single,"<15,000,000 VND",Chinese,5,5,5,5,5,3,5,1,4,3,3,1,1,1,2,4,5,3,4,2,3,4
500,promotion,Female,<20,Bachelor’s degree,Civil servant,Divorced,"36,000,000–45,000,000 VND",Chinese,1,5,2,2,2,1,5,4,1,5,5,3,1,4,1,3,4,5,2,1,2,3
